piano_id,window,start_seconds,seconds
-3gUmo-r8eI,0,117.887,30.0
-3gUmo-r8eI,1,99.438,30.0
-3gUmo-r8eI,2,19.501,30.0
-3gUmo-r8eI,3,137.044,30.0
-3gUmo-r8eI,4,156.866,30.0
-67kGzOBv3g,0,81.462,30.0
-67kGzOBv3g,1,175.213,30.0
-67kGzOBv3g,2,8.056,30.0
-67kGzOBv3g,3,32.259,30.0
-67kGzOBv3g,4,121.772,30.0
-6Gpm69OpxA,0,155.406,30.0
-6Gpm69OpxA,1,91.716,30.0
-6Gpm69OpxA,2,3.766,30.0
-6Gpm69OpxA,3,132.832,30.0
-6Gpm69OpxA,4,102.414,30.0
-BgBmxZcN48,0,45.643,30.0
-BgBmxZcN48,1,103.967,30.0
-BgBmxZcN48,2,112.640,30.0
-BgBmxZcN48,3,14.919,30.0
-BgBmxZcN48,4,64.158,30.0
-Ri4CTgnpdc,0,56.688,30.0
-Ri4CTgnpdc,1,55.850,30.0
-Ri4CTgnpdc,2,2.676,30.0
-Ri4CTgnpdc,3,26.041,30.0
-Ri4CTgnpdc,4,8.862,30.0
-XVVwdXEB2M,0,130.621,30.0
-XVVwdXEB2M,1,21.373,30.0
-XVVwdXEB2M,2,70.245,30.0
-XVVwdXEB2M,3,32.983,30.0
-XVVwdXEB2M,4,143.029,30.0
-d-rncF-xH0,0,76.548,30.0
-d-rncF-xH0,1,97.957,30.0
-d-rncF-xH0,2,71.390,30.0
-d-rncF-xH0,3,80.852,30.0
-d-rncF-xH0,4,139.093,30.0
-e4bJHErmzE,0,191.862,30.0
-e4bJHErmzE,1,201.847,30.0
-e4bJHErmzE,2,205.071,30.0
-e4bJHErmzE,3,92.974,30.0
-e4bJHErmzE,4,14.346,30.0
-fmyfapN5nc,0,184.011,30.0
-fmyfapN5nc,1,110.358,30.0
-fmyfapN5nc,2,178.663,30.0
-fmyfapN5nc,3,17.658,30.0
-fmyfapN5nc,4,33.759,30.0
-mrS48nHBag,0,94.498,30.0
-mrS48nHBag,1,211.896,30.0
-mrS48nHBag,2,2.525,30.0
-mrS48nHBag,3,167.216,30.0
-mrS48nHBag,4,209.652,30.0
-rVn1VbioDw,0,169.443,30.0
-rVn1VbioDw,1,206.423,30.0
-rVn1VbioDw,2,96.007,30.0
-rVn1VbioDw,3,190.784,30.0
-rVn1VbioDw,4,144.998,30.0
-sS1aUJrZxE,0,189.955,30.0
-sS1aUJrZxE,1,70.478,30.0
-sS1aUJrZxE,2,12.335,30.0
-sS1aUJrZxE,3,143.671,30.0
-sS1aUJrZxE,4,232.551,30.0
-uo3JmtXm7E,0,2.991,30.0
-uo3JmtXm7E,1,36.130,30.0
-uo3JmtXm7E,2,79.965,30.0
-uo3JmtXm7E,3,139.138,30.0
-uo3JmtXm7E,4,40.869,30.0
-vY_3qnrmkg,0,95.670,30.0
-vY_3qnrmkg,1,14.439,30.0
-vY_3qnrmkg,2,14.121,30.0
-vY_3qnrmkg,3,133.988,30.0
-vY_3qnrmkg,4,162.650,30.0
01JA7Gj_9lM,0,100.785,30.0
01JA7Gj_9lM,1,108.875,30.0
01JA7Gj_9lM,2,246.460,30.0
01JA7Gj_9lM,3,180.204,30.0
01JA7Gj_9lM,4,96.340,30.0
03eekpLmjoY,0,58.601,30.0
03eekpLmjoY,1,79.049,30.0
03eekpLmjoY,2,107.422,30.0
03eekpLmjoY,3,120.576,30.0
03eekpLmjoY,4,79.838,30.0
0Gda-yL8Yuo,0,52.543,30.0
0Gda-yL8Yuo,1,117.174,30.0
0Gda-yL8Yuo,2,160.629,30.0
0Gda-yL8Yuo,3,44.651,30.0
0Gda-yL8Yuo,4,28.301,30.0
0THo2R6cLks,0,224.869,30.0
0THo2R6cLks,1,265.076,30.0
0THo2R6cLks,2,270.020,30.0
0THo2R6cLks,3,66.298,30.0
0THo2R6cLks,4,109.026,30.0
0Woh6y73R-c,0,26.343,30.0
0Woh6y73R-c,1,19.660,30.0
0Woh6y73R-c,2,141.471,30.0
0Woh6y73R-c,3,157.201,30.0
0Woh6y73R-c,4,70.832,30.0
0i8UwdjoJvE,0,26.573,30.0
0i8UwdjoJvE,1,179.807,30.0
0i8UwdjoJvE,2,91.515,30.0
0i8UwdjoJvE,3,43.296,30.0
0i8UwdjoJvE,4,152.509,30.0
0pPaS-oM3WQ,0,71.665,30.0
0pPaS-oM3WQ,1,77.344,30.0
0pPaS-oM3WQ,2,92.751,30.0
0pPaS-oM3WQ,3,30.897,30.0
0pPaS-oM3WQ,4,30.387,30.0
10tvIZmPIfs,0,67.427,30.0
10tvIZmPIfs,1,98.030,30.0
10tvIZmPIfs,2,189.771,30.0
10tvIZmPIfs,3,224.820,30.0
10tvIZmPIfs,4,221.399,30.0
15wYXNmT4bY,0,13.550,30.0
15wYXNmT4bY,1,76.031,30.0
15wYXNmT4bY,2,96.193,30.0
15wYXNmT4bY,3,145.006,30.0
15wYXNmT4bY,4,5.728,30.0
1IIM9blI_HA,0,33.115,30.0
1IIM9blI_HA,1,115.043,30.0
1IIM9blI_HA,2,53.646,30.0
1IIM9blI_HA,3,7.894,30.0
1IIM9blI_HA,4,61.228,30.0
1SXOZp25kuU,0,40.168,30.0
1SXOZp25kuU,1,32.514,30.0
1SXOZp25kuU,2,74.678,30.0
1SXOZp25kuU,3,34.127,30.0
1SXOZp25kuU,4,55.957,30.0
1hPUwjPNT3k,0,171.448,30.0
1hPUwjPNT3k,1,6.954,30.0
1hPUwjPNT3k,2,102.277,30.0
1hPUwjPNT3k,3,52.551,30.0
1hPUwjPNT3k,4,144.906,30.0
1rIt78rZ0Dg,0,27.670,30.0
1rIt78rZ0Dg,1,168.044,30.0
1rIt78rZ0Dg,2,51.062,30.0
1rIt78rZ0Dg,3,53.765,30.0
1rIt78rZ0Dg,4,134.313,30.0
26NgWLygGN4,0,184.904,30.0
26NgWLygGN4,1,181.762,30.0
26NgWLygGN4,2,115.818,30.0
26NgWLygGN4,3,124.254,30.0
26NgWLygGN4,4,85.065,30.0
2CrbMfaPSm0,0,24.214,30.0
2CrbMfaPSm0,1,145.620,30.0
2CrbMfaPSm0,2,202.016,30.0
2CrbMfaPSm0,3,125.129,30.0
2CrbMfaPSm0,4,35.527,30.0
2KuXlub53NY,0,116.740,30.0
2KuXlub53NY,1,111.004,30.0
2KuXlub53NY,2,84.216,30.0
2KuXlub53NY,3,71.635,30.0
2KuXlub53NY,4,45.958,30.0
2NFCXSbkcxE,0,138.569,30.0
2NFCXSbkcxE,1,47.124,30.0
2NFCXSbkcxE,2,169.365,30.0
2NFCXSbkcxE,3,130.299,30.0
2NFCXSbkcxE,4,135.483,30.0
2XbGj8NOZoY,0,99.693,30.0
2XbGj8NOZoY,1,11.672,30.0
2XbGj8NOZoY,2,166.093,30.0
2XbGj8NOZoY,3,21.517,30.0
2XbGj8NOZoY,4,161.643,30.0
2pdtZg3qsWQ,0,74.205,30.0
2pdtZg3qsWQ,1,16.461,30.0
2pdtZg3qsWQ,2,111.659,30.0
2pdtZg3qsWQ,3,32.440,30.0
2pdtZg3qsWQ,4,48.220,30.0
2xbW1Kl4h9A,0,212.626,30.0
2xbW1Kl4h9A,1,9.120,30.0
2xbW1Kl4h9A,2,35.209,30.0
2xbW1Kl4h9A,3,202.710,30.0
2xbW1Kl4h9A,4,143.302,30.0
3CX8Lm07Uk0,0,72.499,30.0
3CX8Lm07Uk0,1,140.490,30.0
3CX8Lm07Uk0,2,44.286,30.0
3CX8Lm07Uk0,3,23.554,30.0
3CX8Lm07Uk0,4,80.309,30.0
3H8Thzn9ULY,0,122.760,30.0
3H8Thzn9ULY,1,81.143,30.0
3H8Thzn9ULY,2,11.297,30.0
3H8Thzn9ULY,3,14.994,30.0
3H8Thzn9ULY,4,55.888,30.0
3JiyQDO-36Q,0,193.264,30.0
3JiyQDO-36Q,1,20.680,30.0
3JiyQDO-36Q,2,72.731,30.0
3JiyQDO-36Q,3,7.641,30.0
3JiyQDO-36Q,4,132.917,30.0
3njy5ZLGjcw,0,42.563,30.0
3njy5ZLGjcw,1,5.975,30.0
3njy5ZLGjcw,2,91.348,30.0
3njy5ZLGjcw,3,59.788,30.0
3njy5ZLGjcw,4,16.989,30.0
3oVHWBxdCqk,0,150.019,30.0
3oVHWBxdCqk,1,119.738,30.0
3oVHWBxdCqk,2,32.850,30.0
3oVHWBxdCqk,3,171.204,30.0
3oVHWBxdCqk,4,218.805,30.0
3tWR0w40mtc,0,15.941,30.0
3tWR0w40mtc,1,12.262,30.0
3tWR0w40mtc,2,161.938,30.0
3tWR0w40mtc,3,31.512,30.0
3tWR0w40mtc,4,117.382,30.0
3ytZlBgTB4o,0,50.134,30.0
3ytZlBgTB4o,1,29.631,30.0
3ytZlBgTB4o,2,82.528,30.0
3ytZlBgTB4o,3,60.091,30.0
3ytZlBgTB4o,4,74.217,30.0
44Zk43pOhsk,0,114.156,30.0
44Zk43pOhsk,1,24.699,30.0
44Zk43pOhsk,2,7.995,30.0
44Zk43pOhsk,3,178.294,30.0
44Zk43pOhsk,4,40.382,30.0
4FKSpXWnBn4,0,111.850,30.0
4FKSpXWnBn4,1,67.764,30.0
4FKSpXWnBn4,2,129.369,30.0
4FKSpXWnBn4,3,4.505,30.0
4FKSpXWnBn4,4,133.336,30.0
4HPnMi6h67g,0,138.719,30.0
4HPnMi6h67g,1,206.648,30.0
4HPnMi6h67g,2,62.355,30.0
4HPnMi6h67g,3,30.490,30.0
4HPnMi6h67g,4,90.994,30.0
4NOJc2Cu4so,0,178.617,30.0
4NOJc2Cu4so,1,26.057,30.0
4NOJc2Cu4so,2,137.404,30.0
4NOJc2Cu4so,3,35.306,30.0
4NOJc2Cu4so,4,130.736,30.0
4dLaZj5c3j8,0,52.699,30.0
4dLaZj5c3j8,1,156.302,30.0
4dLaZj5c3j8,2,26.926,30.0
4dLaZj5c3j8,3,128.534,30.0
4dLaZj5c3j8,4,86.039,30.0
592rZj6ax8E,0,28.746,30.0
592rZj6ax8E,1,13.476,30.0
592rZj6ax8E,2,207.557,30.0
592rZj6ax8E,3,55.028,30.0
592rZj6ax8E,4,34.194,30.0
5TsU0yUMFtM,0,85.368,30.0
5TsU0yUMFtM,1,82.770,30.0
5TsU0yUMFtM,2,62.379,30.0
5TsU0yUMFtM,3,25.162,30.0
5TsU0yUMFtM,4,50.497,30.0
5Z_oP_YELv8,0,132.111,30.0
5Z_oP_YELv8,1,100.766,30.0
5Z_oP_YELv8,2,6.605,30.0
5Z_oP_YELv8,3,316.887,30.0
5Z_oP_YELv8,4,14.646,30.0
5a5mXqpZRA8,0,76.861,30.0
5a5mXqpZRA8,1,106.649,30.0
5a5mXqpZRA8,2,28.077,30.0
5a5mXqpZRA8,3,63.049,30.0
5a5mXqpZRA8,4,13.971,30.0
5cOuOFuquVk,0,34.052,30.0
5cOuOFuquVk,1,22.962,30.0
5cOuOFuquVk,2,96.255,30.0
5cOuOFuquVk,3,80.335,30.0
5cOuOFuquVk,4,58.042,30.0
5e5Gbpz4Sdo,0,61.898,30.0
5e5Gbpz4Sdo,1,41.378,30.0
5e5Gbpz4Sdo,2,19.293,30.0
5e5Gbpz4Sdo,3,41.274,30.0
5e5Gbpz4Sdo,4,21.488,30.0
5nFoJF5xn7U,0,25.930,30.0
5nFoJF5xn7U,1,289.399,30.0
5nFoJF5xn7U,2,113.887,30.0
5nFoJF5xn7U,3,57.452,30.0
5nFoJF5xn7U,4,108.850,30.0
5rH_96LZ4wo,0,130.998,30.0
5rH_96LZ4wo,1,120.593,30.0
5rH_96LZ4wo,2,61.034,30.0
5rH_96LZ4wo,3,102.831,30.0
5rH_96LZ4wo,4,60.091,30.0
6B50JRzTKNc,0,142.011,30.0
6B50JRzTKNc,1,84.810,30.0
6B50JRzTKNc,2,109.103,30.0
6B50JRzTKNc,3,13.070,30.0
6B50JRzTKNc,4,144.945,30.0
6SNJdJFU6pE,0,160.603,30.0
6SNJdJFU6pE,1,110.063,30.0
6SNJdJFU6pE,2,122.287,30.0
6SNJdJFU6pE,3,149.029,30.0
6SNJdJFU6pE,4,92.266,30.0
6jR2V9zt_iI,0,114.014,30.0
6jR2V9zt_iI,1,174.907,30.0
6jR2V9zt_iI,2,21.997,30.0
6jR2V9zt_iI,3,8.792,30.0
6jR2V9zt_iI,4,162.822,30.0
6jxlYH8wAMA,0,115.021,30.0
6jxlYH8wAMA,1,72.572,30.0
6jxlYH8wAMA,2,212.175,30.0
6jxlYH8wAMA,3,9.495,30.0
6jxlYH8wAMA,4,211.399,30.0
6qw4G2fwEdo,0,78.580,30.0
6qw4G2fwEdo,1,0.629,30.0
6qw4G2fwEdo,2,42.634,30.0
6qw4G2fwEdo,3,47.367,30.0
6qw4G2fwEdo,4,0.845,30.0
6xq7SNDF5_I,0,144.326,30.0
6xq7SNDF5_I,1,41.251,30.0
6xq7SNDF5_I,2,55.555,30.0
6xq7SNDF5_I,3,132.265,30.0
6xq7SNDF5_I,4,41.498,30.0
71JOWP5jX_8,0,77.742,30.0
71JOWP5jX_8,1,39.473,30.0
71JOWP5jX_8,2,67.406,30.0
71JOWP5jX_8,3,155.435,30.0
71JOWP5jX_8,4,64.741,30.0
73Dlz2yqXh8,0,49.297,30.0
73Dlz2yqXh8,1,80.133,30.0
73Dlz2yqXh8,2,9.876,30.0
73Dlz2yqXh8,3,4.787,30.0
73Dlz2yqXh8,4,124.279,30.0
7JLQ62A8Opo,0,77.640,30.0
7JLQ62A8Opo,1,91.381,30.0
7JLQ62A8Opo,2,23.548,30.0
7JLQ62A8Opo,3,58.854,30.0
7JLQ62A8Opo,4,6.096,30.0
7KkZS-OPoZc,0,147.997,30.0
7KkZS-OPoZc,1,184.531,30.0
7KkZS-OPoZc,2,128.035,30.0
7KkZS-OPoZc,3,128.279,30.0
7KkZS-OPoZc,4,161.619,30.0
7SHc8__NcYo,0,68.644,30.0
7SHc8__NcYo,1,41.651,30.0
7SHc8__NcYo,2,43.895,30.0
7SHc8__NcYo,3,87.964,30.0
7SHc8__NcYo,4,120.659,30.0
7qYOTcFg5Qg,0,31.827,30.0
7qYOTcFg5Qg,1,0.285,30.0
7qYOTcFg5Qg,2,63.741,30.0
7qYOTcFg5Qg,3,102.025,30.0
7qYOTcFg5Qg,4,171.639,30.0
7xjMCrilktg,0,79.089,30.0
7xjMCrilktg,1,136.816,30.0
7xjMCrilktg,2,23.234,30.0
7xjMCrilktg,3,32.096,30.0
7xjMCrilktg,4,149.900,30.0
83V1wrlBhwY,0,80.687,30.0
83V1wrlBhwY,1,27.897,30.0
83V1wrlBhwY,2,95.955,30.0
83V1wrlBhwY,3,44.696,30.0
83V1wrlBhwY,4,121.170,30.0
8AMZhQe0afM,0,167.888,30.0
8AMZhQe0afM,1,81.667,30.0
8AMZhQe0afM,2,1.420,30.0
8AMZhQe0afM,3,148.437,30.0
8AMZhQe0afM,4,101.881,30.0
8EeJx7MyqM0,0,119.303,30.0
8EeJx7MyqM0,1,80.098,30.0
8EeJx7MyqM0,2,123.886,30.0
8EeJx7MyqM0,3,26.618,30.0
8EeJx7MyqM0,4,136.546,30.0
8Kr-tPWreIw,0,113.972,30.0
8Kr-tPWreIw,1,114.843,30.0
8Kr-tPWreIw,2,140.461,30.0
8Kr-tPWreIw,3,137.591,30.0
8Kr-tPWreIw,4,10.434,30.0
8NUJ-sEJGAg,0,170.341,30.0
8NUJ-sEJGAg,1,31.877,30.0
8NUJ-sEJGAg,2,183.824,30.0
8NUJ-sEJGAg,3,39.398,30.0
8NUJ-sEJGAg,4,171.898,30.0
8Tia6k0moDE,0,7.486,30.0
8Tia6k0moDE,1,47.587,30.0
8Tia6k0moDE,2,167.555,30.0
8Tia6k0moDE,3,20.553,30.0
8Tia6k0moDE,4,190.314,30.0
8inWxyeHzuQ,0,142.365,30.0
8inWxyeHzuQ,1,159.979,30.0
8inWxyeHzuQ,2,196.524,30.0
8inWxyeHzuQ,3,152.719,30.0
8inWxyeHzuQ,4,173.832,30.0
8irAnD6zQ00,0,9.349,30.0
8irAnD6zQ00,1,5.349,30.0
8irAnD6zQ00,2,122.922,30.0
8irAnD6zQ00,3,9.883,30.0
8irAnD6zQ00,4,26.800,30.0
8kQr0xCASGI,0,31.676,30.0
8kQr0xCASGI,1,148.743,30.0
8kQr0xCASGI,2,76.451,30.0
8kQr0xCASGI,3,201.981,30.0
8kQr0xCASGI,4,75.354,30.0
8osR4JxQ1dQ,0,116.138,30.0
8osR4JxQ1dQ,1,119.402,30.0
8osR4JxQ1dQ,2,161.489,30.0
8osR4JxQ1dQ,3,177.921,30.0
8osR4JxQ1dQ,4,51.978,30.0
8s_ADs2BRhk,0,91.350,30.0
8s_ADs2BRhk,1,25.831,30.0
8s_ADs2BRhk,2,35.712,30.0
8s_ADs2BRhk,3,15.543,30.0
8s_ADs2BRhk,4,41.887,30.0
8v8uIb1G3qM,0,108.389,30.0
8v8uIb1G3qM,1,126.942,30.0
8v8uIb1G3qM,2,103.814,30.0
8v8uIb1G3qM,3,42.598,30.0
8v8uIb1G3qM,4,5.244,30.0
937Kdm-ZnZI,0,171.219,30.0
937Kdm-ZnZI,1,173.669,30.0
937Kdm-ZnZI,2,74.209,30.0
937Kdm-ZnZI,3,68.123,30.0
937Kdm-ZnZI,4,74.322,30.0
9M6x0DtShpg,0,106.313,30.0
9M6x0DtShpg,1,161.148,30.0
9M6x0DtShpg,2,138.286,30.0
9M6x0DtShpg,3,73.399,30.0
9M6x0DtShpg,4,78.549,30.0
9hDE0ll5eNo,0,158.809,30.0
9hDE0ll5eNo,1,152.404,30.0
9hDE0ll5eNo,2,116.149,30.0
9hDE0ll5eNo,3,110.884,30.0
9hDE0ll5eNo,4,177.134,30.0
9jIvWp8Qmoc,0,137.120,30.0
9jIvWp8Qmoc,1,262.276,30.0
9jIvWp8Qmoc,2,172.575,30.0
9jIvWp8Qmoc,3,229.671,30.0
9jIvWp8Qmoc,4,20.576,30.0
A3LtcnYbgeU,0,36.381,30.0
A3LtcnYbgeU,1,61.894,30.0
A3LtcnYbgeU,2,28.956,30.0
A3LtcnYbgeU,3,178.752,30.0
A3LtcnYbgeU,4,86.699,30.0
AQ40Mw7flaI,0,97.879,30.0
AQ40Mw7flaI,1,6.531,30.0
AQ40Mw7flaI,2,130.261,30.0
AQ40Mw7flaI,3,121.948,30.0
AQ40Mw7flaI,4,128.773,30.0
Apbmc5e3lWg,0,64.639,30.0
Apbmc5e3lWg,1,0.761,30.0
Apbmc5e3lWg,2,21.039,30.0
Apbmc5e3lWg,3,64.297,30.0
Apbmc5e3lWg,4,113.829,30.0
AqBlCKOlOrg,0,54.232,30.0
AqBlCKOlOrg,1,164.116,30.0
AqBlCKOlOrg,2,118.671,30.0
AqBlCKOlOrg,3,87.920,30.0
AqBlCKOlOrg,4,145.573,30.0
ArsLCUSq0Vs,0,121.440,30.0
ArsLCUSq0Vs,1,54.411,30.0
ArsLCUSq0Vs,2,77.356,30.0
ArsLCUSq0Vs,3,33.586,30.0
ArsLCUSq0Vs,4,119.088,30.0
AxquQF31qbg,0,108.175,30.0
AxquQF31qbg,1,85.561,30.0
AxquQF31qbg,2,120.514,30.0
AxquQF31qbg,3,4.791,30.0
AxquQF31qbg,4,30.867,30.0
BC_v0ekhumU,0,17.079,30.0
BC_v0ekhumU,1,24.559,30.0
BC_v0ekhumU,2,32.972,30.0
BC_v0ekhumU,3,36.834,30.0
BC_v0ekhumU,4,34.317,30.0
BE1uEf7DXXo,0,72.139,30.0
BE1uEf7DXXo,1,49.016,30.0
BE1uEf7DXXo,2,97.864,30.0
BE1uEf7DXXo,3,96.481,30.0
BE1uEf7DXXo,4,23.085,30.0
BKzHmBb0kMw,0,44.865,30.0
BKzHmBb0kMw,1,58.401,30.0
BKzHmBb0kMw,2,39.288,30.0
BKzHmBb0kMw,3,67.756,30.0
BKzHmBb0kMw,4,41.422,30.0
BXdNM08COOk,0,100.118,30.0
BXdNM08COOk,1,28.879,30.0
BXdNM08COOk,2,164.430,30.0
BXdNM08COOk,3,192.538,30.0
BXdNM08COOk,4,53.609,30.0
B_FN0gLt3hI,0,142.207,30.0
B_FN0gLt3hI,1,41.476,30.0
B_FN0gLt3hI,2,66.358,30.0
B_FN0gLt3hI,3,45.895,30.0
B_FN0gLt3hI,4,74.655,30.0
BfTtpCl4APM,0,56.547,30.0
BfTtpCl4APM,1,163.360,30.0
BfTtpCl4APM,2,154.854,30.0
BfTtpCl4APM,3,164.707,30.0
BfTtpCl4APM,4,6.687,30.0
Bim8O623F8c,0,71.265,30.0
Bim8O623F8c,1,11.171,30.0
Bim8O623F8c,2,152.937,30.0
Bim8O623F8c,3,108.390,30.0
Bim8O623F8c,4,35.060,30.0
BmL2g6Z2PI8,0,107.738,30.0
BmL2g6Z2PI8,1,46.910,30.0
BmL2g6Z2PI8,2,121.450,30.0
BmL2g6Z2PI8,3,118.046,30.0
BmL2g6Z2PI8,4,150.604,30.0
BmcIkiPEg48,0,21.963,30.0
BmcIkiPEg48,1,110.663,30.0
BmcIkiPEg48,2,1.574,30.0
BmcIkiPEg48,3,187.793,30.0
BmcIkiPEg48,4,154.066,30.0
C1rTnN2CFoc,0,129.083,30.0
C1rTnN2CFoc,1,126.352,30.0
C1rTnN2CFoc,2,31.247,30.0
C1rTnN2CFoc,3,30.141,30.0
C1rTnN2CFoc,4,227.369,30.0
CKfyN1ulT_4,0,196.442,30.0
CKfyN1ulT_4,1,148.576,30.0
CKfyN1ulT_4,2,57.844,30.0
CKfyN1ulT_4,3,126.526,30.0
CKfyN1ulT_4,4,183.365,30.0
CWkSRxZZtV0,0,156.981,30.0
CWkSRxZZtV0,1,129.698,30.0
CWkSRxZZtV0,2,116.873,30.0
CWkSRxZZtV0,3,22.316,30.0
CWkSRxZZtV0,4,19.690,30.0
CXmIg8lePms,0,111.137,30.0
CXmIg8lePms,1,78.271,30.0
CXmIg8lePms,2,84.829,30.0
CXmIg8lePms,3,29.589,30.0
CXmIg8lePms,4,152.331,30.0
CYlQur3l7pg,0,169.772,30.0
CYlQur3l7pg,1,189.523,30.0
CYlQur3l7pg,2,0.468,30.0
CYlQur3l7pg,3,57.568,30.0
CYlQur3l7pg,4,51.012,30.0
CZHMkn8-dGs,0,42.066,30.0
CZHMkn8-dGs,1,34.764,30.0
CZHMkn8-dGs,2,131.650,30.0
CZHMkn8-dGs,3,17.527,30.0
CZHMkn8-dGs,4,74.956,30.0
CgIxsjlTBgI,0,158.225,30.0
CgIxsjlTBgI,1,165.385,30.0
CgIxsjlTBgI,2,127.202,30.0
CgIxsjlTBgI,3,29.091,30.0
CgIxsjlTBgI,4,187.350,30.0
ClpEDI7y7p0,0,142.340,30.0
ClpEDI7y7p0,1,66.114,30.0
ClpEDI7y7p0,2,39.606,30.0
ClpEDI7y7p0,3,117.703,30.0
ClpEDI7y7p0,4,57.247,30.0
Cn5uq3j0i6I,0,249.096,30.0
Cn5uq3j0i6I,1,18.763,30.0
Cn5uq3j0i6I,2,3.149,30.0
Cn5uq3j0i6I,3,230.463,30.0
Cn5uq3j0i6I,4,199.233,30.0
CnU5jHHfPec,0,121.000,30.0
CnU5jHHfPec,1,189.754,30.0
CnU5jHHfPec,2,54.693,30.0
CnU5jHHfPec,3,100.662,30.0
CnU5jHHfPec,4,90.002,30.0
CrgsXtx_ucw,0,38.170,30.0
CrgsXtx_ucw,1,41.711,30.0
CrgsXtx_ucw,2,125.639,30.0
CrgsXtx_ucw,3,107.556,30.0
CrgsXtx_ucw,4,71.866,30.0
D0vhiLgQJAQ,0,49.657,30.0
D0vhiLgQJAQ,1,21.348,30.0
D0vhiLgQJAQ,2,68.848,30.0
D0vhiLgQJAQ,3,16.641,30.0
D0vhiLgQJAQ,4,136.335,30.0
D7sU4P89AS8,0,118.858,30.0
D7sU4P89AS8,1,86.727,30.0
D7sU4P89AS8,2,27.841,30.0
D7sU4P89AS8,3,64.671,30.0
D7sU4P89AS8,4,3.481,30.0
DURvP0oryFw,0,158.828,30.0
DURvP0oryFw,1,16.510,30.0
DURvP0oryFw,2,86.867,30.0
DURvP0oryFw,3,32.640,30.0
DURvP0oryFw,4,84.130,30.0
DWXOW9oJm44,0,113.534,30.0
DWXOW9oJm44,1,11.367,30.0
DWXOW9oJm44,2,33.584,30.0
DWXOW9oJm44,3,77.958,30.0
DWXOW9oJm44,4,98.377,30.0
DcJqktS6il0,0,185.639,30.0
DcJqktS6il0,1,20.423,30.0
DcJqktS6il0,2,171.568,30.0
DcJqktS6il0,3,134.983,30.0
DcJqktS6il0,4,232.613,30.0
Dolu178rWmQ,0,95.518,30.0
Dolu178rWmQ,1,124.144,30.0
Dolu178rWmQ,2,56.480,30.0
Dolu178rWmQ,3,9.941,30.0
Dolu178rWmQ,4,3.007,30.0
E85CxgX5_Lk,0,7.670,30.0
E85CxgX5_Lk,1,13.452,30.0
E85CxgX5_Lk,2,111.477,30.0
E85CxgX5_Lk,3,64.562,30.0
E85CxgX5_Lk,4,95.669,30.0
EF2rz5JkvlI,0,192.139,30.0
EF2rz5JkvlI,1,172.833,30.0
EF2rz5JkvlI,2,53.788,30.0
EF2rz5JkvlI,3,197.902,30.0
EF2rz5JkvlI,4,184.043,30.0
EGhf9gb_9Z0,0,40.322,30.0
EGhf9gb_9Z0,1,200.597,30.0
EGhf9gb_9Z0,2,105.557,30.0
EGhf9gb_9Z0,3,112.557,30.0
EGhf9gb_9Z0,4,199.859,30.0
EMBVFA9S0FE,0,119.733,30.0
EMBVFA9S0FE,1,47.187,30.0
EMBVFA9S0FE,2,8.603,30.0
EMBVFA9S0FE,3,71.093,30.0
EMBVFA9S0FE,4,186.772,30.0
EYjEtN0XN_c,0,18.822,30.0
EYjEtN0XN_c,1,167.600,30.0
EYjEtN0XN_c,2,183.284,30.0
EYjEtN0XN_c,3,78.933,30.0
EYjEtN0XN_c,4,127.817,30.0
Eczz9s0XN6k,0,85.100,30.0
Eczz9s0XN6k,1,87.984,30.0
Eczz9s0XN6k,2,106.959,30.0
Eczz9s0XN6k,3,109.325,30.0
Eczz9s0XN6k,4,95.081,30.0
Era9e1UNSMQ,0,11.191,30.0
Era9e1UNSMQ,1,32.854,30.0
Era9e1UNSMQ,2,24.833,30.0
Era9e1UNSMQ,3,38.525,30.0
Era9e1UNSMQ,4,18.839,30.0
EvnjZxNDWBM,0,2.840,30.0
EvnjZxNDWBM,1,154.529,30.0
EvnjZxNDWBM,2,70.246,30.0
EvnjZxNDWBM,3,26.775,30.0
EvnjZxNDWBM,4,25.418,30.0
EzLgnZGY5UI,0,81.678,30.0
EzLgnZGY5UI,1,123.709,30.0
EzLgnZGY5UI,2,71.633,30.0
EzLgnZGY5UI,3,21.501,30.0
EzLgnZGY5UI,4,95.850,30.0
F--MQFzWzjs,0,212.401,30.0
F--MQFzWzjs,1,67.209,30.0
F--MQFzWzjs,2,200.933,30.0
F--MQFzWzjs,3,59.827,30.0
F--MQFzWzjs,4,84.140,30.0
FEdj4S54qig,0,7.869,30.0
FEdj4S54qig,1,32.175,30.0
FEdj4S54qig,2,143.961,30.0
FEdj4S54qig,3,69.890,30.0
FEdj4S54qig,4,31.947,30.0
FGS5b2a1tsc,0,120.519,30.0
FGS5b2a1tsc,1,38.040,30.0
FGS5b2a1tsc,2,58.052,30.0
FGS5b2a1tsc,3,42.406,30.0
FGS5b2a1tsc,4,30.669,30.0
FKOnds7aocM,0,54.190,30.0
FKOnds7aocM,1,50.740,30.0
FKOnds7aocM,2,86.678,30.0
FKOnds7aocM,3,66.311,30.0
FKOnds7aocM,4,26.831,30.0
FoOwvyhtN8g,0,37.577,30.0
FoOwvyhtN8g,1,40.933,30.0
FoOwvyhtN8g,2,79.906,30.0
FoOwvyhtN8g,3,65.437,30.0
FoOwvyhtN8g,4,48.149,30.0
GCPvflLsGyY,0,22.486,30.0
GCPvflLsGyY,1,36.537,30.0
GCPvflLsGyY,2,136.120,30.0
GCPvflLsGyY,3,151.388,30.0
GCPvflLsGyY,4,107.009,30.0
GL4PIIT7Z_w,0,89.114,30.0
GL4PIIT7Z_w,1,154.315,30.0
GL4PIIT7Z_w,2,123.068,30.0
GL4PIIT7Z_w,3,63.164,30.0
GL4PIIT7Z_w,4,96.685,30.0
GdWfVUZ5bqQ,0,36.478,30.0
GdWfVUZ5bqQ,1,257.284,30.0
GdWfVUZ5bqQ,2,65.273,30.0
GdWfVUZ5bqQ,3,60.262,30.0
GdWfVUZ5bqQ,4,13.100,30.0
Gp7hk8AyMCo,0,18.753,30.0
Gp7hk8AyMCo,1,68.927,30.0
Gp7hk8AyMCo,2,85.459,30.0
Gp7hk8AyMCo,3,20.735,30.0
Gp7hk8AyMCo,4,83.167,30.0
HBPi0JR00HM,0,2.490,30.0
HBPi0JR00HM,1,145.634,30.0
HBPi0JR00HM,2,45.370,30.0
HBPi0JR00HM,3,53.617,30.0
HBPi0JR00HM,4,70.296,30.0
HCPtUHx2uNQ,0,120.977,30.0
HCPtUHx2uNQ,1,152.445,30.0
HCPtUHx2uNQ,2,19.135,30.0
HCPtUHx2uNQ,3,45.265,30.0
HCPtUHx2uNQ,4,82.491,30.0
HLyXzwA_43Y,0,59.099,30.0
HLyXzwA_43Y,1,84.269,30.0
HLyXzwA_43Y,2,40.016,30.0
HLyXzwA_43Y,3,100.552,30.0
HLyXzwA_43Y,4,110.402,30.0
HP3ZDGPGHRE,0,177.032,30.0
HP3ZDGPGHRE,1,9.653,30.0
HP3ZDGPGHRE,2,209.063,30.0
HP3ZDGPGHRE,3,76.061,30.0
HP3ZDGPGHRE,4,260.855,30.0
HWz9mnbSp9U,0,16.000,30.0
HWz9mnbSp9U,1,100.212,30.0
HWz9mnbSp9U,2,7.432,30.0
HWz9mnbSp9U,3,43.756,30.0
HWz9mnbSp9U,4,143.539,30.0
HwT8ayHTPl4,0,197.866,30.0
HwT8ayHTPl4,1,179.075,30.0
HwT8ayHTPl4,2,1.161,30.0
HwT8ayHTPl4,3,13.477,30.0
HwT8ayHTPl4,4,93.752,30.0
I1ajY3QibSI,0,0.023,30.0
I1ajY3QibSI,1,132.680,30.0
I1ajY3QibSI,2,206.939,30.0
I1ajY3QibSI,3,73.172,30.0
I1ajY3QibSI,4,9.772,30.0
I6SZqQuGejQ,0,18.600,30.0
I6SZqQuGejQ,1,1.766,30.0
I6SZqQuGejQ,2,191.879,30.0
I6SZqQuGejQ,3,72.807,30.0
I6SZqQuGejQ,4,219.656,30.0
IKq1uU96uqQ,0,63.329,30.0
IKq1uU96uqQ,1,83.107,30.0
IKq1uU96uqQ,2,30.855,30.0
IKq1uU96uqQ,3,112.122,30.0
IKq1uU96uqQ,4,54.094,30.0
IU9DiBrFut8,0,166.777,30.0
IU9DiBrFut8,1,28.737,30.0
IU9DiBrFut8,2,41.221,30.0
IU9DiBrFut8,3,96.512,30.0
IU9DiBrFut8,4,12.202,30.0
IZmBWvhq4Jc,0,132.527,30.0
IZmBWvhq4Jc,1,127.904,30.0
IZmBWvhq4Jc,2,59.492,30.0
IZmBWvhq4Jc,3,68.702,30.0
IZmBWvhq4Jc,4,147.913,30.0
IjhSkfWGgsI,0,21.313,30.0
IjhSkfWGgsI,1,167.040,30.0
IjhSkfWGgsI,2,131.911,30.0
IjhSkfWGgsI,3,108.399,30.0
IjhSkfWGgsI,4,79.317,30.0
IkQme_JYtR4,0,2.227,30.0
IkQme_JYtR4,1,101.864,30.0
IkQme_JYtR4,2,45.310,30.0
IkQme_JYtR4,3,16.427,30.0
IkQme_JYtR4,4,42.955,30.0
IwNf8GZx2Ws,0,38.925,30.0
IwNf8GZx2Ws,1,80.560,30.0
IwNf8GZx2Ws,2,70.332,30.0
IwNf8GZx2Ws,3,88.167,30.0
IwNf8GZx2Ws,4,28.460,30.0
J1W9C8Br264,0,197.732,30.0
J1W9C8Br264,1,204.071,30.0
J1W9C8Br264,2,171.184,30.0
J1W9C8Br264,3,62.257,30.0
J1W9C8Br264,4,18.770,30.0
J81Bkcb0reo,0,98.422,30.0
J81Bkcb0reo,1,19.940,30.0
J81Bkcb0reo,2,71.605,30.0
J81Bkcb0reo,3,118.714,30.0
J81Bkcb0reo,4,10.411,30.0
J9GPKZR9zfs,0,196.633,30.0
J9GPKZR9zfs,1,3.510,30.0
J9GPKZR9zfs,2,22.900,30.0
J9GPKZR9zfs,3,108.721,30.0
J9GPKZR9zfs,4,184.814,30.0
JEl4b0EOWE4,0,56.231,30.0
JEl4b0EOWE4,1,1.618,30.0
JEl4b0EOWE4,2,233.608,30.0
JEl4b0EOWE4,3,237.847,30.0
JEl4b0EOWE4,4,115.439,30.0
JL1a9397xf8,0,120.909,30.0
JL1a9397xf8,1,12.992,30.0
JL1a9397xf8,2,68.331,30.0
JL1a9397xf8,3,59.394,30.0
JL1a9397xf8,4,114.893,30.0
JLCAofziN30,0,125.550,30.0
JLCAofziN30,1,138.854,30.0
JLCAofziN30,2,40.324,30.0
JLCAofziN30,3,43.220,30.0
JLCAofziN30,4,9.959,30.0
JNQlkl8EHBI,0,172.479,30.0
JNQlkl8EHBI,1,25.745,30.0
JNQlkl8EHBI,2,129.161,30.0
JNQlkl8EHBI,3,155.343,30.0
JNQlkl8EHBI,4,38.856,30.0
JVKKNP55C9g,0,27.290,30.0
JVKKNP55C9g,1,115.495,30.0
JVKKNP55C9g,2,92.862,30.0
JVKKNP55C9g,3,60.473,30.0
JVKKNP55C9g,4,42.335,30.0
JcxZL1ahvrM,0,173.380,30.0
JcxZL1ahvrM,1,83.858,30.0
JcxZL1ahvrM,2,3.025,30.0
JcxZL1ahvrM,3,210.287,30.0
JcxZL1ahvrM,4,136.598,30.0
K9fhJDu4JkU,0,39.336,30.0
K9fhJDu4JkU,1,15.008,30.0
K9fhJDu4JkU,2,124.616,30.0
K9fhJDu4JkU,3,86.651,30.0
K9fhJDu4JkU,4,134.606,30.0
KLcQoBx0GP0,0,51.459,30.0
KLcQoBx0GP0,1,12.568,30.0
KLcQoBx0GP0,2,8.643,30.0
KLcQoBx0GP0,3,9.363,30.0
KLcQoBx0GP0,4,53.550,30.0
KRy_F4U6DY8,0,122.478,30.0
KRy_F4U6DY8,1,3.724,30.0
KRy_F4U6DY8,2,83.666,30.0
KRy_F4U6DY8,3,138.164,30.0
KRy_F4U6DY8,4,19.863,30.0
KT6rXMQ2aTQ,0,212.289,30.0
KT6rXMQ2aTQ,1,21.620,30.0
KT6rXMQ2aTQ,2,84.894,30.0
KT6rXMQ2aTQ,3,104.373,30.0
KT6rXMQ2aTQ,4,96.546,30.0
Kau4arbVuHc,0,163.997,30.0
Kau4arbVuHc,1,152.953,30.0
Kau4arbVuHc,2,44.547,30.0
Kau4arbVuHc,3,145.401,30.0
Kau4arbVuHc,4,87.625,30.0
Kjl3Tg2cYYg,0,83.238,30.0
Kjl3Tg2cYYg,1,79.820,30.0
Kjl3Tg2cYYg,2,87.465,30.0
Kjl3Tg2cYYg,3,161.620,30.0
Kjl3Tg2cYYg,4,128.577,30.0
KyLQum3nQoI,0,34.448,30.0
KyLQum3nQoI,1,9.583,30.0
KyLQum3nQoI,2,8.520,30.0
KyLQum3nQoI,3,16.247,30.0
KyLQum3nQoI,4,195.586,30.0
L4XE2Klj7ds,0,17.592,30.0
L4XE2Klj7ds,1,109.044,30.0
L4XE2Klj7ds,2,15.677,30.0
L4XE2Klj7ds,3,51.124,30.0
L4XE2Klj7ds,4,142.389,30.0
LCpnlaBDayc,0,63.235,30.0
LCpnlaBDayc,1,56.639,30.0
LCpnlaBDayc,2,15.333,30.0
LCpnlaBDayc,3,179.493,30.0
LCpnlaBDayc,4,172.119,30.0
LHD5dDB3pN0,0,8.955,30.0
LHD5dDB3pN0,1,116.124,30.0
LHD5dDB3pN0,2,6.844,30.0
LHD5dDB3pN0,3,40.992,30.0
LHD5dDB3pN0,4,17.613,30.0
LHUZSTvWc64,0,160.925,30.0
LHUZSTvWc64,1,108.691,30.0
LHUZSTvWc64,2,110.943,30.0
LHUZSTvWc64,3,252.566,30.0
LHUZSTvWc64,4,210.496,30.0
LQr36u1mNb0,0,106.089,30.0
LQr36u1mNb0,1,70.819,30.0
LQr36u1mNb0,2,49.591,30.0
LQr36u1mNb0,3,82.067,30.0
LQr36u1mNb0,4,62.777,30.0
LWxbWkJebpg,0,186.355,30.0
LWxbWkJebpg,1,121.158,30.0
LWxbWkJebpg,2,3.631,30.0
LWxbWkJebpg,3,186.992,30.0
LWxbWkJebpg,4,175.782,30.0
LwbxGdcSbx8,0,90.094,30.0
LwbxGdcSbx8,1,147.728,30.0
LwbxGdcSbx8,2,158.410,30.0
LwbxGdcSbx8,3,74.823,30.0
LwbxGdcSbx8,4,11.442,30.0
M0uIw9XydRw,0,86.025,30.0
M0uIw9XydRw,1,13.374,30.0
M0uIw9XydRw,2,125.270,30.0
M0uIw9XydRw,3,63.024,30.0
M0uIw9XydRw,4,32.941,30.0
M6Cx2J-mDz8,0,37.604,30.0
M6Cx2J-mDz8,1,91.987,30.0
M6Cx2J-mDz8,2,13.553,30.0
M6Cx2J-mDz8,3,197.759,30.0
M6Cx2J-mDz8,4,85.550,30.0
MBewmIYo4kM,0,18.881,30.0
MBewmIYo4kM,1,36.130,30.0
MBewmIYo4kM,2,112.219,30.0
MBewmIYo4kM,3,96.911,30.0
MBewmIYo4kM,4,140.378,30.0
MFwJc48Q2hk,0,66.046,30.0
MFwJc48Q2hk,1,26.544,30.0
MFwJc48Q2hk,2,71.066,30.0
MFwJc48Q2hk,3,33.862,30.0
MFwJc48Q2hk,4,62.127,30.0
MKmBlRmD43c,0,247.726,30.0
MKmBlRmD43c,1,220.557,30.0
MKmBlRmD43c,2,124.873,30.0
MKmBlRmD43c,3,225.066,30.0
MKmBlRmD43c,4,128.318,30.0
MZ64nD75rtg,0,173.445,30.0
MZ64nD75rtg,1,111.605,30.0
MZ64nD75rtg,2,128.941,30.0
MZ64nD75rtg,3,98.845,30.0
MZ64nD75rtg,4,1.503,30.0
N4ErISmajs8,0,28.798,30.0
N4ErISmajs8,1,187.465,30.0
N4ErISmajs8,2,59.671,30.0
N4ErISmajs8,3,167.167,30.0
N4ErISmajs8,4,64.597,30.0
N6XJ_I0fNnk,0,72.323,30.0
N6XJ_I0fNnk,1,67.469,30.0
N6XJ_I0fNnk,2,36.056,30.0
N6XJ_I0fNnk,3,37.301,30.0
N6XJ_I0fNnk,4,41.211,30.0
N6nkXKg2Y44,0,21.067,30.0
N6nkXKg2Y44,1,114.445,30.0
N6nkXKg2Y44,2,39.801,30.0
N6nkXKg2Y44,3,56.295,30.0
N6nkXKg2Y44,4,104.392,30.0
N90vjgbBMPQ,0,141.767,30.0
N90vjgbBMPQ,1,151.477,30.0
N90vjgbBMPQ,2,15.910,30.0
N90vjgbBMPQ,3,15.058,30.0
N90vjgbBMPQ,4,75.357,30.0
N975WIN6wCU,0,190.231,30.0
N975WIN6wCU,1,193.582,30.0
N975WIN6wCU,2,11.087,30.0
N975WIN6wCU,3,34.872,30.0
N975WIN6wCU,4,98.119,30.0
NHXyeYx6jgk,0,78.026,30.0
NHXyeYx6jgk,1,80.453,30.0
NHXyeYx6jgk,2,111.224,30.0
NHXyeYx6jgk,3,170.298,30.0
NHXyeYx6jgk,4,99.833,30.0
Ndfqg6a0ak8,0,153.465,30.0
Ndfqg6a0ak8,1,55.019,30.0
Ndfqg6a0ak8,2,159.307,30.0
Ndfqg6a0ak8,3,87.113,30.0
Ndfqg6a0ak8,4,182.691,30.0
NeACSHzQHsw,0,62.467,30.0
NeACSHzQHsw,1,82.140,30.0
NeACSHzQHsw,2,172.130,30.0
NeACSHzQHsw,3,11.231,30.0
NeACSHzQHsw,4,196.776,30.0
NqWM_LO8QN8,0,236.543,30.0
NqWM_LO8QN8,1,167.436,30.0
NqWM_LO8QN8,2,113.868,30.0
NqWM_LO8QN8,3,162.819,30.0
NqWM_LO8QN8,4,209.035,30.0
NzKYScIhFeg,0,70.936,30.0
NzKYScIhFeg,1,224.464,30.0
NzKYScIhFeg,2,175.695,30.0
NzKYScIhFeg,3,65.519,30.0
NzKYScIhFeg,4,80.748,30.0
O-L36D2A_GU,0,83.811,30.0
O-L36D2A_GU,1,195.929,30.0
O-L36D2A_GU,2,198.133,30.0
O-L36D2A_GU,3,31.485,30.0
O-L36D2A_GU,4,202.207,30.0
O1fM-DvjoWg,0,147.706,30.0
O1fM-DvjoWg,1,119.310,30.0
O1fM-DvjoWg,2,21.727,30.0
O1fM-DvjoWg,3,3.306,30.0
O1fM-DvjoWg,4,84.081,30.0
O4hWrQHRjiY,0,173.717,30.0
O4hWrQHRjiY,1,57.656,30.0
O4hWrQHRjiY,2,104.153,30.0
O4hWrQHRjiY,3,188.594,30.0
O4hWrQHRjiY,4,164.597,30.0
O6ikwUdAJIE,0,74.443,30.0
O6ikwUdAJIE,1,8.100,30.0
O6ikwUdAJIE,2,157.095,30.0
O6ikwUdAJIE,3,18.158,30.0
O6ikwUdAJIE,4,195.253,30.0
OB4xBJ2TIe4,0,114.566,30.0
OB4xBJ2TIe4,1,114.495,30.0
OB4xBJ2TIe4,2,59.144,30.0
OB4xBJ2TIe4,3,73.067,30.0
OB4xBJ2TIe4,4,43.868,30.0
Of8f6V4QyH0,0,19.037,30.0
Of8f6V4QyH0,1,77.186,30.0
Of8f6V4QyH0,2,98.196,30.0
Of8f6V4QyH0,3,7.372,30.0
Of8f6V4QyH0,4,107.786,30.0
Og2XXUWhxDM,0,125.419,30.0
Og2XXUWhxDM,1,65.424,30.0
Og2XXUWhxDM,2,133.265,30.0
Og2XXUWhxDM,3,13.423,30.0
Og2XXUWhxDM,4,139.655,30.0
OocJOD1dqTA,0,104.726,30.0
OocJOD1dqTA,1,14.799,30.0
OocJOD1dqTA,2,148.086,30.0
OocJOD1dqTA,3,98.595,30.0
OocJOD1dqTA,4,148.383,30.0
OswoTko219Y,0,12.851,30.0
OswoTko219Y,1,106.127,30.0
OswoTko219Y,2,46.102,30.0
OswoTko219Y,3,113.490,30.0
OswoTko219Y,4,43.466,30.0
PCjFXoQ53AQ,0,70.165,30.0
PCjFXoQ53AQ,1,161.425,30.0
PCjFXoQ53AQ,2,29.444,30.0
PCjFXoQ53AQ,3,175.821,30.0
PCjFXoQ53AQ,4,165.790,30.0
PJBCsMnBqLc,0,14.024,30.0
PJBCsMnBqLc,1,297.646,30.0
PJBCsMnBqLc,2,368.432,30.0
PJBCsMnBqLc,3,115.518,30.0
PJBCsMnBqLc,4,257.193,30.0
PNISFFaW8VQ,0,50.984,30.0
PNISFFaW8VQ,1,43.064,30.0
PNISFFaW8VQ,2,104.577,30.0
PNISFFaW8VQ,3,8.403,30.0
PNISFFaW8VQ,4,196.222,30.0
PRaDuLdlOSo,0,47.317,30.0
PRaDuLdlOSo,1,38.120,30.0
PRaDuLdlOSo,2,49.415,30.0
PRaDuLdlOSo,3,43.477,30.0
PRaDuLdlOSo,4,36.528,30.0
PTXyCbG4Zyw,0,30.976,30.0
PTXyCbG4Zyw,1,107.940,30.0
PTXyCbG4Zyw,2,105.256,30.0
PTXyCbG4Zyw,3,137.661,30.0
PTXyCbG4Zyw,4,153.781,30.0
P_8J3gOULYU,0,131.622,30.0
P_8J3gOULYU,1,162.516,30.0
P_8J3gOULYU,2,131.572,30.0
P_8J3gOULYU,3,121.278,30.0
P_8J3gOULYU,4,182.840,30.0
PaBU-Wt4jaY,0,154.923,30.0
PaBU-Wt4jaY,1,5.672,30.0
PaBU-Wt4jaY,2,67.245,30.0
PaBU-Wt4jaY,3,149.526,30.0
PaBU-Wt4jaY,4,8.086,30.0
Pdk6SvvVrRc,0,84.965,30.0
Pdk6SvvVrRc,1,107.438,30.0
Pdk6SvvVrRc,2,122.965,30.0
Pdk6SvvVrRc,3,116.507,30.0
Pdk6SvvVrRc,4,31.549,30.0
Pe_5sCOY54g,0,190.962,30.0
Pe_5sCOY54g,1,115.213,30.0
Pe_5sCOY54g,2,171.957,30.0
Pe_5sCOY54g,3,125.205,30.0
Pe_5sCOY54g,4,43.570,30.0
PgViCGed7cU,0,110.534,30.0
PgViCGed7cU,1,10.297,30.0
PgViCGed7cU,2,24.259,30.0
PgViCGed7cU,3,2.238,30.0
PgViCGed7cU,4,114.585,30.0
Prpd535UfCo,0,249.554,30.0
Prpd535UfCo,1,316.945,30.0
Prpd535UfCo,2,0.053,30.0
Prpd535UfCo,3,48.993,30.0
Prpd535UfCo,4,323.986,30.0
PupoPmXAeIQ,0,61.514,30.0
PupoPmXAeIQ,1,122.709,30.0
PupoPmXAeIQ,2,0.555,30.0
PupoPmXAeIQ,3,105.816,30.0
PupoPmXAeIQ,4,149.954,30.0
PyQ6Rn2Kc4A,0,106.491,30.0
PyQ6Rn2Kc4A,1,59.975,30.0
PyQ6Rn2Kc4A,2,18.138,30.0
PyQ6Rn2Kc4A,3,73.035,30.0
PyQ6Rn2Kc4A,4,112.358,30.0
Q2-OOwidCnI,0,55.122,30.0
Q2-OOwidCnI,1,71.236,30.0
Q2-OOwidCnI,2,11.340,30.0
Q2-OOwidCnI,3,166.569,30.0
Q2-OOwidCnI,4,56.480,30.0
QAy2Y136OdE,0,6.223,30.0
QAy2Y136OdE,1,15.415,30.0
QAy2Y136OdE,2,236.009,30.0
QAy2Y136OdE,3,122.402,30.0
QAy2Y136OdE,4,29.425,30.0
QWjq8AH3k-M,0,27.844,30.0
QWjq8AH3k-M,1,179.959,30.0
QWjq8AH3k-M,2,4.184,30.0
QWjq8AH3k-M,3,74.437,30.0
QWjq8AH3k-M,4,69.014,30.0
Qla5achRiJ4,0,62.392,30.0
Qla5achRiJ4,1,81.348,30.0
Qla5achRiJ4,2,101.594,30.0
Qla5achRiJ4,3,87.463,30.0
Qla5achRiJ4,4,126.195,30.0
QnVGrv-AEGs,0,118.878,30.0
QnVGrv-AEGs,1,87.511,30.0
QnVGrv-AEGs,2,4.490,30.0
QnVGrv-AEGs,3,116.317,30.0
QnVGrv-AEGs,4,0.164,30.0
QujvtG5TQlY,0,146.151,30.0
QujvtG5TQlY,1,5.543,30.0
QujvtG5TQlY,2,133.735,30.0
QujvtG5TQlY,3,194.122,30.0
QujvtG5TQlY,4,65.931,30.0
QvKqckh4xfU,0,16.943,30.0
QvKqckh4xfU,1,120.825,30.0
QvKqckh4xfU,2,4.444,30.0
QvKqckh4xfU,3,30.274,30.0
QvKqckh4xfU,4,159.733,30.0
R-s4mFwuJzk,0,1.941,30.0
R-s4mFwuJzk,1,71.231,30.0
R-s4mFwuJzk,2,157.433,30.0
R-s4mFwuJzk,3,30.606,30.0
R-s4mFwuJzk,4,13.380,30.0
R7w4PkPiCfc,0,81.258,30.0
R7w4PkPiCfc,1,46.225,30.0
R7w4PkPiCfc,2,92.583,30.0
R7w4PkPiCfc,3,102.982,30.0
R7w4PkPiCfc,4,138.249,30.0
RBKUXHBqS68,0,44.758,30.0
RBKUXHBqS68,1,55.115,30.0
RBKUXHBqS68,2,157.018,30.0
RBKUXHBqS68,3,4.303,30.0
RBKUXHBqS68,4,29.197,30.0
RTfhwPKTsUY,0,23.635,30.0
RTfhwPKTsUY,1,135.769,30.0
RTfhwPKTsUY,2,25.886,30.0
RTfhwPKTsUY,3,30.009,30.0
RTfhwPKTsUY,4,37.429,30.0
RWgzWf0kJcE,0,170.882,30.0
RWgzWf0kJcE,1,164.313,30.0
RWgzWf0kJcE,2,133.630,30.0
RWgzWf0kJcE,3,158.164,30.0
RWgzWf0kJcE,4,18.308,30.0
RY-r7TXIqNM,0,90.531,30.0
RY-r7TXIqNM,1,117.246,30.0
RY-r7TXIqNM,2,23.162,30.0
RY-r7TXIqNM,3,50.443,30.0
RY-r7TXIqNM,4,63.991,30.0
Re3k-sKmYUA,0,84.108,30.0
Re3k-sKmYUA,1,3.343,30.0
Re3k-sKmYUA,2,41.219,30.0
Re3k-sKmYUA,3,235.476,30.0
Re3k-sKmYUA,4,151.872,30.0
RrqaAUDyNLo,0,130.692,30.0
RrqaAUDyNLo,1,20.700,30.0
RrqaAUDyNLo,2,124.893,30.0
RrqaAUDyNLo,3,79.358,30.0
RrqaAUDyNLo,4,104.254,30.0
S-ylT5V1PuE,0,4.256,30.0
S-ylT5V1PuE,1,67.194,30.0
S-ylT5V1PuE,2,113.575,30.0
S-ylT5V1PuE,3,120.808,30.0
S-ylT5V1PuE,4,71.463,30.0
S0cwQKP_1MY,0,141.406,30.0
S0cwQKP_1MY,1,62.673,30.0
S0cwQKP_1MY,2,191.483,30.0
S0cwQKP_1MY,3,60.966,30.0
S0cwQKP_1MY,4,44.058,30.0
SZDVkn4ZHhQ,0,94.947,30.0
SZDVkn4ZHhQ,1,7.725,30.0
SZDVkn4ZHhQ,2,6.142,30.0
SZDVkn4ZHhQ,3,37.203,30.0
SZDVkn4ZHhQ,4,56.436,30.0
S_b2A6i8tJU,0,63.840,30.0
S_b2A6i8tJU,1,7.440,30.0
S_b2A6i8tJU,2,74.368,30.0
S_b2A6i8tJU,3,39.334,30.0
S_b2A6i8tJU,4,48.480,30.0
SbphlnaJMNc,0,88.889,30.0
SbphlnaJMNc,1,5.778,30.0
SbphlnaJMNc,2,151.898,30.0
SbphlnaJMNc,3,77.913,30.0
SbphlnaJMNc,4,124.883,30.0
SiVMUV_shAQ,0,7.431,30.0
SiVMUV_shAQ,1,199.932,30.0
SiVMUV_shAQ,2,117.238,30.0
SiVMUV_shAQ,3,13.578,30.0
SiVMUV_shAQ,4,123.512,30.0
SkwZvN8NZ1Q,0,67.651,30.0
SkwZvN8NZ1Q,1,127.448,30.0
SkwZvN8NZ1Q,2,91.634,30.0
SkwZvN8NZ1Q,3,45.767,30.0
SkwZvN8NZ1Q,4,161.051,30.0
Smni5YBuPmo,0,49.377,30.0
Smni5YBuPmo,1,24.469,30.0
Smni5YBuPmo,2,115.938,30.0
Smni5YBuPmo,3,66.820,30.0
Smni5YBuPmo,4,43.834,30.0
SwZobFjOyx8,0,80.549,30.0
SwZobFjOyx8,1,153.645,30.0
SwZobFjOyx8,2,14.346,30.0
SwZobFjOyx8,3,243.476,30.0
SwZobFjOyx8,4,175.429,30.0
T7Di5Vpzn1k,0,68.361,30.0
T7Di5Vpzn1k,1,52.850,30.0
T7Di5Vpzn1k,2,147.331,30.0
T7Di5Vpzn1k,3,159.502,30.0
T7Di5Vpzn1k,4,55.147,30.0
T8s6inUV9rk,0,74.173,30.0
T8s6inUV9rk,1,95.317,30.0
T8s6inUV9rk,2,85.545,30.0
T8s6inUV9rk,3,110.448,30.0
T8s6inUV9rk,4,160.312,30.0
T9D0FbvIDr8,0,277.242,30.0
T9D0FbvIDr8,1,120.807,30.0
T9D0FbvIDr8,2,230.930,30.0
T9D0FbvIDr8,3,238.294,30.0
T9D0FbvIDr8,4,79.120,30.0
T9DoHJZ8yuQ,0,70.842,30.0
T9DoHJZ8yuQ,1,199.366,30.0
T9DoHJZ8yuQ,2,177.001,30.0
T9DoHJZ8yuQ,3,19.212,30.0
T9DoHJZ8yuQ,4,139.183,30.0
TCMEnRVXa78,0,91.280,30.0
TCMEnRVXa78,1,27.045,30.0
TCMEnRVXa78,2,128.963,30.0
TCMEnRVXa78,3,135.995,30.0
TCMEnRVXa78,4,24.327,30.0
TGMo5qwDXfc,0,172.925,30.0
TGMo5qwDXfc,1,206.399,30.0
TGMo5qwDXfc,2,166.479,30.0
TGMo5qwDXfc,3,190.702,30.0
TGMo5qwDXfc,4,150.817,30.0
TIilXL_CoX0,0,23.339,30.0
TIilXL_CoX0,1,148.422,30.0
TIilXL_CoX0,2,27.714,30.0
TIilXL_CoX0,3,61.929,30.0
TIilXL_CoX0,4,147.514,30.0
TL16Blee88s,0,78.499,30.0
TL16Blee88s,1,112.200,30.0
TL16Blee88s,2,199.973,30.0
TL16Blee88s,3,179.060,30.0
TL16Blee88s,4,160.450,30.0
TWMLxmytVY8,0,105.120,30.0
TWMLxmytVY8,1,39.998,30.0
TWMLxmytVY8,2,164.696,30.0
TWMLxmytVY8,3,189.367,30.0
TWMLxmytVY8,4,24.906,30.0
TWsifpp7S_c,0,164.622,30.0
TWsifpp7S_c,1,58.516,30.0
TWsifpp7S_c,2,36.969,30.0
TWsifpp7S_c,3,24.971,30.0
TWsifpp7S_c,4,130.964,30.0
ThR_Kn-OED4,0,86.025,30.0
ThR_Kn-OED4,1,57.636,30.0
ThR_Kn-OED4,2,65.932,30.0
ThR_Kn-OED4,3,76.785,30.0
ThR_Kn-OED4,4,2.696,30.0
Tmc6Z9e89N0,0,163.855,30.0
Tmc6Z9e89N0,1,179.273,30.0
Tmc6Z9e89N0,2,14.127,30.0
Tmc6Z9e89N0,3,215.363,30.0
Tmc6Z9e89N0,4,43.240,30.0
TnQ3iG_ue-4,0,67.068,30.0
TnQ3iG_ue-4,1,126.689,30.0
TnQ3iG_ue-4,2,20.688,30.0
TnQ3iG_ue-4,3,45.028,30.0
TnQ3iG_ue-4,4,98.187,30.0
TsbCCXZadCQ,0,144.444,30.0
TsbCCXZadCQ,1,172.532,30.0
TsbCCXZadCQ,2,211.278,30.0
TsbCCXZadCQ,3,154.637,30.0
TsbCCXZadCQ,4,72.386,30.0
U0o31SkWR5U,0,1.260,30.0
U0o31SkWR5U,1,60.239,30.0
U0o31SkWR5U,2,148.759,30.0
U0o31SkWR5U,3,1.833,30.0
U0o31SkWR5U,4,137.526,30.0
UFds3YyB5Tc,0,59.463,30.0
UFds3YyB5Tc,1,39.126,30.0
UFds3YyB5Tc,2,53.826,30.0
UFds3YyB5Tc,3,82.734,30.0
UFds3YyB5Tc,4,2.301,30.0
UHnSsj5Ipag,0,140.565,30.0
UHnSsj5Ipag,1,163.691,30.0
UHnSsj5Ipag,2,6.510,30.0
UHnSsj5Ipag,3,18.500,30.0
UHnSsj5Ipag,4,146.231,30.0
UKlWBWTUopE,0,21.294,30.0
UKlWBWTUopE,1,14.662,30.0
UKlWBWTUopE,2,135.544,30.0
UKlWBWTUopE,3,18.752,30.0
UKlWBWTUopE,4,163.520,30.0
UOZDZ2INlzQ,0,155.084,30.0
UOZDZ2INlzQ,1,18.885,30.0
UOZDZ2INlzQ,2,54.338,30.0
UOZDZ2INlzQ,3,56.057,30.0
UOZDZ2INlzQ,4,182.949,30.0
UUtkrDPoomg,0,141.167,30.0
UUtkrDPoomg,1,117.879,30.0
UUtkrDPoomg,2,114.231,30.0
UUtkrDPoomg,3,12.008,30.0
UUtkrDPoomg,4,99.684,30.0
UYxPIBPWSKQ,0,40.816,30.0
UYxPIBPWSKQ,1,70.556,30.0
UYxPIBPWSKQ,2,47.650,30.0
UYxPIBPWSKQ,3,166.897,30.0
UYxPIBPWSKQ,4,28.213,30.0
UchcBv-opL0,0,125.517,30.0
UchcBv-opL0,1,85.288,30.0
UchcBv-opL0,2,71.036,30.0
UchcBv-opL0,3,40.445,30.0
UchcBv-opL0,4,111.657,30.0
Unm-uiVSd8M,0,85.624,30.0
Unm-uiVSd8M,1,180.345,30.0
Unm-uiVSd8M,2,90.794,30.0
Unm-uiVSd8M,3,104.973,30.0
Unm-uiVSd8M,4,82.546,30.0
VBd0vbPEsa0,0,154.277,30.0
VBd0vbPEsa0,1,93.850,30.0
VBd0vbPEsa0,2,167.353,30.0
VBd0vbPEsa0,3,46.502,30.0
VBd0vbPEsa0,4,235.025,30.0
VC1mdPswDdo,0,53.835,30.0
VC1mdPswDdo,1,88.599,30.0
VC1mdPswDdo,2,89.005,30.0
VC1mdPswDdo,3,112.493,30.0
VC1mdPswDdo,4,50.398,30.0
VUfAxO_HYK8,0,104.488,30.0
VUfAxO_HYK8,1,66.147,30.0
VUfAxO_HYK8,2,103.632,30.0
VUfAxO_HYK8,3,100.643,30.0
VUfAxO_HYK8,4,97.832,30.0
V_jttEEWx1c,0,127.025,30.0
V_jttEEWx1c,1,47.902,30.0
V_jttEEWx1c,2,77.289,30.0
V_jttEEWx1c,3,23.221,30.0
V_jttEEWx1c,4,0.987,30.0
VuE4oxYUQTQ,0,220.652,30.0
VuE4oxYUQTQ,1,21.416,30.0
VuE4oxYUQTQ,2,154.590,30.0
VuE4oxYUQTQ,3,236.027,30.0
VuE4oxYUQTQ,4,148.198,30.0
WGjEStJJ8eg,0,149.661,30.0
WGjEStJJ8eg,1,145.757,30.0
WGjEStJJ8eg,2,90.530,30.0
WGjEStJJ8eg,3,24.755,30.0
WGjEStJJ8eg,4,18.775,30.0
WLtKkSvMlpk,0,77.190,30.0
WLtKkSvMlpk,1,18.924,30.0
WLtKkSvMlpk,2,18.744,30.0
WLtKkSvMlpk,3,1.334,30.0
WLtKkSvMlpk,4,17.298,30.0
WQD6oFyzIpY,0,12.745,30.0
WQD6oFyzIpY,1,182.590,30.0
WQD6oFyzIpY,2,63.108,30.0
WQD6oFyzIpY,3,107.319,30.0
WQD6oFyzIpY,4,115.036,30.0
WdL4VWWOcWM,0,102.654,30.0
WdL4VWWOcWM,1,252.598,30.0
WdL4VWWOcWM,2,68.084,30.0
WdL4VWWOcWM,3,95.385,30.0
WdL4VWWOcWM,4,222.449,30.0
Wlmh-FN4f6E,0,7.359,30.0
Wlmh-FN4f6E,1,92.260,30.0
Wlmh-FN4f6E,2,145.568,30.0
Wlmh-FN4f6E,3,59.974,30.0
Wlmh-FN4f6E,4,117.483,30.0
WpeOIw_FF5I,0,37.433,30.0
WpeOIw_FF5I,1,159.712,30.0
WpeOIw_FF5I,2,58.333,30.0
WpeOIw_FF5I,3,97.692,30.0
WpeOIw_FF5I,4,61.827,30.0
X-JjsJK3xz4,0,92.204,30.0
X-JjsJK3xz4,1,151.832,30.0
X-JjsJK3xz4,2,154.105,30.0
X-JjsJK3xz4,3,151.388,30.0
X-JjsJK3xz4,4,158.454,30.0
XMY7k9l1Q5c,0,174.157,30.0
XMY7k9l1Q5c,1,137.280,30.0
XMY7k9l1Q5c,2,17.222,30.0
XMY7k9l1Q5c,3,89.696,30.0
XMY7k9l1Q5c,4,28.557,30.0
XUpNWNZkllA,0,85.690,30.0
XUpNWNZkllA,1,52.317,30.0
XUpNWNZkllA,2,89.121,30.0
XUpNWNZkllA,3,89.356,30.0
XUpNWNZkllA,4,94.298,30.0
Xbx_G2sGL_A,0,65.489,30.0
Xbx_G2sGL_A,1,76.559,30.0
Xbx_G2sGL_A,2,43.470,30.0
Xbx_G2sGL_A,3,71.061,30.0
Xbx_G2sGL_A,4,80.472,30.0
XfktsrCm2kQ,0,173.565,30.0
XfktsrCm2kQ,1,130.360,30.0
XfktsrCm2kQ,2,138.427,30.0
XfktsrCm2kQ,3,100.333,30.0
XfktsrCm2kQ,4,166.907,30.0
XlXCdIZT2cM,0,98.479,30.0
XlXCdIZT2cM,1,129.648,30.0
XlXCdIZT2cM,2,142.174,30.0
XlXCdIZT2cM,3,63.246,30.0
XlXCdIZT2cM,4,142.203,30.0
XvQ3_oQM5ss,0,16.201,30.0
XvQ3_oQM5ss,1,205.075,30.0
XvQ3_oQM5ss,2,124.911,30.0
XvQ3_oQM5ss,3,259.987,30.0
XvQ3_oQM5ss,4,239.364,30.0
Xw51SpOD4qY,0,37.245,30.0
Xw51SpOD4qY,1,79.687,30.0
Xw51SpOD4qY,2,102.770,30.0
Xw51SpOD4qY,3,139.665,30.0
Xw51SpOD4qY,4,36.890,30.0
Y5u9HPvSKBQ,0,75.828,30.0
Y5u9HPvSKBQ,1,132.421,30.0
Y5u9HPvSKBQ,2,122.844,30.0
Y5u9HPvSKBQ,3,96.177,30.0
Y5u9HPvSKBQ,4,6.502,30.0
YAcvq6PGbIE,0,43.392,30.0
YAcvq6PGbIE,1,70.252,30.0
YAcvq6PGbIE,2,150.319,30.0
YAcvq6PGbIE,3,13.159,30.0
YAcvq6PGbIE,4,116.446,30.0
YF-8TA20aik,0,78.616,30.0
YF-8TA20aik,1,132.485,30.0
YF-8TA20aik,2,81.099,30.0
YF-8TA20aik,3,119.312,30.0
YF-8TA20aik,4,85.754,30.0
YSFqeSqUNio,0,169.544,30.0
YSFqeSqUNio,1,16.852,30.0
YSFqeSqUNio,2,18.832,30.0
YSFqeSqUNio,3,126.748,30.0
YSFqeSqUNio,4,52.626,30.0
YhyuxWwcbQc,0,2.639,30.0
YhyuxWwcbQc,1,135.071,30.0
YhyuxWwcbQc,2,110.120,30.0
YhyuxWwcbQc,3,122.977,30.0
YhyuxWwcbQc,4,98.118,30.0
Z1Ld4RM2XX8,0,15.660,30.0
Z1Ld4RM2XX8,1,2.419,30.0
Z1Ld4RM2XX8,2,120.482,30.0
Z1Ld4RM2XX8,3,6.847,30.0
Z1Ld4RM2XX8,4,76.046,30.0
ZA5WdMyngX4,0,49.434,30.0
ZA5WdMyngX4,1,135.047,30.0
ZA5WdMyngX4,2,120.276,30.0
ZA5WdMyngX4,3,68.325,30.0
ZA5WdMyngX4,4,55.809,30.0
ZBMKVgsDzAs,0,76.160,30.0
ZBMKVgsDzAs,1,197.504,30.0
ZBMKVgsDzAs,2,176.365,30.0
ZBMKVgsDzAs,3,153.345,30.0
ZBMKVgsDzAs,4,112.326,30.0
ZKjsc65GZhA,0,38.163,30.0
ZKjsc65GZhA,1,58.364,30.0
ZKjsc65GZhA,2,88.742,30.0
ZKjsc65GZhA,3,95.181,30.0
ZKjsc65GZhA,4,45.928,30.0
ZNSrPFtLii0,0,22.084,30.0
ZNSrPFtLii0,1,125.902,30.0
ZNSrPFtLii0,2,36.247,30.0
ZNSrPFtLii0,3,170.468,30.0
ZNSrPFtLii0,4,103.964,30.0
ZNdQMo24KTk,0,34.751,30.0
ZNdQMo24KTk,1,47.450,30.0
ZNdQMo24KTk,2,31.278,30.0
ZNdQMo24KTk,3,89.096,30.0
ZNdQMo24KTk,4,75.444,30.0
ZP1OIZ27FWY,0,167.787,30.0
ZP1OIZ27FWY,1,37.590,30.0
ZP1OIZ27FWY,2,152.718,30.0
ZP1OIZ27FWY,3,6.481,30.0
ZP1OIZ27FWY,4,156.547,30.0
ZQ8LGEXBLUg,0,126.067,30.0
ZQ8LGEXBLUg,1,106.857,30.0
ZQ8LGEXBLUg,2,214.568,30.0
ZQ8LGEXBLUg,3,180.148,30.0
ZQ8LGEXBLUg,4,23.125,30.0
ZhhEERPqpQw,0,65.397,30.0
ZhhEERPqpQw,1,20.917,30.0
ZhhEERPqpQw,2,74.743,30.0
ZhhEERPqpQw,3,98.581,30.0
ZhhEERPqpQw,4,85.412,30.0
Zj29BscltH8,0,5.430,30.0
Zj29BscltH8,1,124.011,30.0
Zj29BscltH8,2,135.106,30.0
Zj29BscltH8,3,92.659,30.0
Zj29BscltH8,4,156.696,30.0
ZzfUBqz_lAA,0,125.983,30.0
ZzfUBqz_lAA,1,157.130,30.0
ZzfUBqz_lAA,2,139.784,30.0
ZzfUBqz_lAA,3,90.850,30.0
ZzfUBqz_lAA,4,113.739,30.0
_6IuGC1vK7w,0,47.417,30.0
_6IuGC1vK7w,1,108.239,30.0
_6IuGC1vK7w,2,28.157,30.0
_6IuGC1vK7w,3,69.964,30.0
_6IuGC1vK7w,4,112.226,30.0
_OUCPwVVuPA,0,126.572,30.0
_OUCPwVVuPA,1,168.246,30.0
_OUCPwVVuPA,2,189.452,30.0
_OUCPwVVuPA,3,19.986,30.0
_OUCPwVVuPA,4,63.865,30.0
_RF9m1JIwsA,0,202.342,30.0
_RF9m1JIwsA,1,184.568,30.0
_RF9m1JIwsA,2,83.768,30.0
_RF9m1JIwsA,3,2.354,30.0
_RF9m1JIwsA,4,215.535,30.0
_SxuyRrr4u4,0,96.471,30.0
_SxuyRrr4u4,1,145.622,30.0
_SxuyRrr4u4,2,203.599,30.0
_SxuyRrr4u4,3,160.761,30.0
_SxuyRrr4u4,4,115.329,30.0
_jGHjMzJyZQ,0,88.976,30.0
_jGHjMzJyZQ,1,166.460,30.0
_jGHjMzJyZQ,2,156.504,30.0
_jGHjMzJyZQ,3,64.451,30.0
_jGHjMzJyZQ,4,158.234,30.0
_teqCAJZFwM,0,155.643,30.0
_teqCAJZFwM,1,180.662,30.0
_teqCAJZFwM,2,50.105,30.0
_teqCAJZFwM,3,6.739,30.0
_teqCAJZFwM,4,34.972,30.0
aIkj0-O6cFg,0,118.467,30.0
aIkj0-O6cFg,1,14.381,30.0
aIkj0-O6cFg,2,162.529,30.0
aIkj0-O6cFg,3,87.765,30.0
aIkj0-O6cFg,4,131.620,30.0
aPsAuOJXIok,0,95.409,30.0
aPsAuOJXIok,1,34.811,30.0
aPsAuOJXIok,2,84.792,30.0
aPsAuOJXIok,3,4.884,30.0
aPsAuOJXIok,4,176.821,30.0
aixZohHMi3Y,0,41.090,30.0
aixZohHMi3Y,1,8.536,30.0
aixZohHMi3Y,2,4.196,30.0
aixZohHMi3Y,3,174.851,30.0
aixZohHMi3Y,4,154.264,30.0
ajPFK1zjmvs,0,57.914,30.0
ajPFK1zjmvs,1,41.809,30.0
ajPFK1zjmvs,2,201.493,30.0
ajPFK1zjmvs,3,98.586,30.0
ajPFK1zjmvs,4,165.511,30.0
apcReZ3lb8w,0,104.154,30.0
apcReZ3lb8w,1,81.050,30.0
apcReZ3lb8w,2,23.915,30.0
apcReZ3lb8w,3,22.012,30.0
apcReZ3lb8w,4,132.748,30.0
b1oKY3OGYzY,0,73.312,30.0
b1oKY3OGYzY,1,40.510,30.0
b1oKY3OGYzY,2,122.358,30.0
b1oKY3OGYzY,3,9.719,30.0
b1oKY3OGYzY,4,10.314,30.0
b385LhjODes,0,185.989,30.0
b385LhjODes,1,124.460,30.0
b385LhjODes,2,133.019,30.0
b385LhjODes,3,31.901,30.0
b385LhjODes,4,36.862,30.0
bH9A7mg1UIg,0,36.477,30.0
bH9A7mg1UIg,1,192.711,30.0
bH9A7mg1UIg,2,47.669,30.0
bH9A7mg1UIg,3,45.645,30.0
bH9A7mg1UIg,4,71.247,30.0
bKpQIcEMP6A,0,51.839,30.0
bKpQIcEMP6A,1,122.943,30.0
bKpQIcEMP6A,2,8.309,30.0
bKpQIcEMP6A,3,55.955,30.0
bKpQIcEMP6A,4,28.989,30.0
bYRT27dJjGI,0,65.991,30.0
bYRT27dJjGI,1,114.175,30.0
bYRT27dJjGI,2,77.057,30.0
bYRT27dJjGI,3,10.257,30.0
bYRT27dJjGI,4,4.731,30.0
brqgob5Ue3Y,0,164.684,30.0
brqgob5Ue3Y,1,38.671,30.0
brqgob5Ue3Y,2,77.401,30.0
brqgob5Ue3Y,3,150.473,30.0
brqgob5Ue3Y,4,72.592,30.0
bswqAGteNaE,0,58.242,30.0
bswqAGteNaE,1,83.838,30.0
bswqAGteNaE,2,23.519,30.0
bswqAGteNaE,3,22.950,30.0
bswqAGteNaE,4,115.580,30.0
c0o_Hm9hAJc,0,97.591,30.0
c0o_Hm9hAJc,1,16.228,30.0
c0o_Hm9hAJc,2,118.206,30.0
c0o_Hm9hAJc,3,65.188,30.0
c0o_Hm9hAJc,4,24.140,30.0
c2Po_MYwYno,0,208.532,30.0
c2Po_MYwYno,1,15.984,30.0
c2Po_MYwYno,2,72.348,30.0
c2Po_MYwYno,3,147.102,30.0
c2Po_MYwYno,4,92.201,30.0
c2psDz2TWJY,0,181.336,30.0
c2psDz2TWJY,1,27.098,30.0
c2psDz2TWJY,2,95.798,30.0
c2psDz2TWJY,3,15.853,30.0
c2psDz2TWJY,4,6.661,30.0
cFZAH2oMekA,0,213.500,30.0
cFZAH2oMekA,1,30.356,30.0
cFZAH2oMekA,2,192.971,30.0
cFZAH2oMekA,3,4.576,30.0
cFZAH2oMekA,4,121.319,30.0
c_ycEdZCijs,0,15.163,30.0
c_ycEdZCijs,1,47.692,30.0
c_ycEdZCijs,2,38.785,30.0
c_ycEdZCijs,3,39.586,30.0
c_ycEdZCijs,4,10.844,30.0
cj8xvHDgpKY,0,0.133,30.0
cj8xvHDgpKY,1,10.865,30.0
cj8xvHDgpKY,2,98.675,30.0
cj8xvHDgpKY,3,90.233,30.0
cj8xvHDgpKY,4,44.658,30.0
ckfAKhbYBq4,0,13.771,30.0
ckfAKhbYBq4,1,155.801,30.0
ckfAKhbYBq4,2,97.010,30.0
ckfAKhbYBq4,3,148.280,30.0
ckfAKhbYBq4,4,95.451,30.0
cw5rwsdEOmw,0,132.970,30.0
cw5rwsdEOmw,1,21.835,30.0
cw5rwsdEOmw,2,98.613,30.0
cw5rwsdEOmw,3,169.798,30.0
cw5rwsdEOmw,4,100.089,30.0
dFqsRjB_1Zs,0,67.712,30.0
dFqsRjB_1Zs,1,114.516,30.0
dFqsRjB_1Zs,2,90.546,30.0
dFqsRjB_1Zs,3,1.381,30.0
dFqsRjB_1Zs,4,127.693,30.0
dLKWr9gvv3M,0,33.682,30.0
dLKWr9gvv3M,1,27.945,30.0
dLKWr9gvv3M,2,63.059,30.0
dLKWr9gvv3M,3,19.989,30.0
dLKWr9gvv3M,4,5.021,30.0
dNovLDUJ4fY,0,107.203,30.0
dNovLDUJ4fY,1,105.378,30.0
dNovLDUJ4fY,2,19.509,30.0
dNovLDUJ4fY,3,20.885,30.0
dNovLDUJ4fY,4,44.609,30.0
dOaVcPmzCq4,0,226.351,30.0
dOaVcPmzCq4,1,98.029,30.0
dOaVcPmzCq4,2,204.267,30.0
dOaVcPmzCq4,3,28.775,30.0
dOaVcPmzCq4,4,35.192,30.0
dTZJ5YLslXA,0,170.014,30.0
dTZJ5YLslXA,1,140.258,30.0
dTZJ5YLslXA,2,108.284,30.0
dTZJ5YLslXA,3,144.836,30.0
dTZJ5YLslXA,4,150.494,30.0
e-u39f_iV7A,0,26.970,30.0
e-u39f_iV7A,1,2.872,30.0
e-u39f_iV7A,2,36.260,30.0
e-u39f_iV7A,3,165.616,30.0
e-u39f_iV7A,4,159.160,30.0
eO42ILSEK0o,0,42.110,30.0
eO42ILSEK0o,1,89.533,30.0
eO42ILSEK0o,2,110.528,30.0
eO42ILSEK0o,3,16.585,30.0
eO42ILSEK0o,4,85.115,30.0
eUsb0lmeGm4,0,110.565,30.0
eUsb0lmeGm4,1,37.073,30.0
eUsb0lmeGm4,2,67.430,30.0
eUsb0lmeGm4,3,173.824,30.0
eUsb0lmeGm4,4,151.489,30.0
eZOhu9EOfTw,0,134.626,30.0
eZOhu9EOfTw,1,162.950,30.0
eZOhu9EOfTw,2,78.658,30.0
eZOhu9EOfTw,3,70.239,30.0
eZOhu9EOfTw,4,16.889,30.0
e_pLP6jH9bk,0,115.298,30.0
e_pLP6jH9bk,1,60.927,30.0
e_pLP6jH9bk,2,59.133,30.0
e_pLP6jH9bk,3,33.088,30.0
e_pLP6jH9bk,4,129.059,30.0
ed1Jk-MOzDQ,0,58.910,30.0
ed1Jk-MOzDQ,1,85.718,30.0
ed1Jk-MOzDQ,2,48.283,30.0
ed1Jk-MOzDQ,3,38.545,30.0
ed1Jk-MOzDQ,4,108.843,30.0
edZhs3rPcDI,0,62.739,30.0
edZhs3rPcDI,1,100.702,30.0
edZhs3rPcDI,2,22.568,30.0
edZhs3rPcDI,3,50.732,30.0
edZhs3rPcDI,4,27.937,30.0
f5TCvWJfTlw,0,18.675,30.0
f5TCvWJfTlw,1,196.420,30.0
f5TCvWJfTlw,2,95.651,30.0
f5TCvWJfTlw,3,90.222,30.0
f5TCvWJfTlw,4,204.774,30.0
fFfj9fj7Vj0,0,0.762,30.0
fFfj9fj7Vj0,1,6.046,30.0
fFfj9fj7Vj0,2,115.005,30.0
fFfj9fj7Vj0,3,4.051,30.0
fFfj9fj7Vj0,4,50.009,30.0
fY3W2VGCTg4,0,180.266,30.0
fY3W2VGCTg4,1,102.039,30.0
fY3W2VGCTg4,2,161.870,30.0
fY3W2VGCTg4,3,170.599,30.0
fY3W2VGCTg4,4,183.715,30.0
fZrmvMSUWX4,0,28.256,30.0
fZrmvMSUWX4,1,16.136,30.0
fZrmvMSUWX4,2,164.416,30.0
fZrmvMSUWX4,3,129.662,30.0
fZrmvMSUWX4,4,132.118,30.0
fdMGQNiIwvU,0,68.405,30.0
fdMGQNiIwvU,1,123.674,30.0
fdMGQNiIwvU,2,28.537,30.0
fdMGQNiIwvU,3,47.739,30.0
fdMGQNiIwvU,4,75.031,30.0
fjifq0LJLgs,0,52.748,30.0
fjifq0LJLgs,1,116.243,30.0
fjifq0LJLgs,2,160.813,30.0
fjifq0LJLgs,3,144.909,30.0
fjifq0LJLgs,4,35.184,30.0
fkn2jHQngoo,0,167.898,30.0
fkn2jHQngoo,1,196.431,30.0
fkn2jHQngoo,2,184.522,30.0
fkn2jHQngoo,3,168.344,30.0
fkn2jHQngoo,4,40.398,30.0
fwheJzwTN-E,0,3.104,30.0
fwheJzwTN-E,1,184.629,30.0
fwheJzwTN-E,2,1.721,30.0
fwheJzwTN-E,3,185.174,30.0
fwheJzwTN-E,4,139.535,30.0
fxiI0dCtFl0,0,21.004,30.0
fxiI0dCtFl0,1,183.121,30.0
fxiI0dCtFl0,2,79.993,30.0
fxiI0dCtFl0,3,25.961,30.0
fxiI0dCtFl0,4,72.456,30.0
gCRLXCpjxfo,0,37.808,30.0
gCRLXCpjxfo,1,34.822,30.0
gCRLXCpjxfo,2,158.541,30.0
gCRLXCpjxfo,3,121.633,30.0
gCRLXCpjxfo,4,86.112,30.0
gHP9fNhyGcI,0,132.833,30.0
gHP9fNhyGcI,1,33.087,30.0
gHP9fNhyGcI,2,3.213,30.0
gHP9fNhyGcI,3,129.358,30.0
gHP9fNhyGcI,4,9.528,30.0
gPN1uepN4z0,0,93.812,30.0
gPN1uepN4z0,1,66.703,30.0
gPN1uepN4z0,2,136.080,30.0
gPN1uepN4z0,3,41.471,30.0
gPN1uepN4z0,4,117.559,30.0
gVL0L1hvghw,0,91.467,30.0
gVL0L1hvghw,1,12.489,30.0
gVL0L1hvghw,2,47.413,30.0
gVL0L1hvghw,3,59.137,30.0
gVL0L1hvghw,4,4.540,30.0
gg4RqNUYcK0,0,129.606,30.0
gg4RqNUYcK0,1,93.327,30.0
gg4RqNUYcK0,2,88.307,30.0
gg4RqNUYcK0,3,15.683,30.0
gg4RqNUYcK0,4,76.687,30.0
ghfrjPYtahU,0,110.333,30.0
ghfrjPYtahU,1,178.414,30.0
ghfrjPYtahU,2,117.245,30.0
ghfrjPYtahU,3,38.692,30.0
ghfrjPYtahU,4,97.449,30.0
giZV6zYWTnM,0,157.825,30.0
giZV6zYWTnM,1,50.654,30.0
giZV6zYWTnM,2,63.350,30.0
giZV6zYWTnM,3,151.669,30.0
giZV6zYWTnM,4,27.937,30.0
goochM9aB7w,0,127.422,30.0
goochM9aB7w,1,68.372,30.0
goochM9aB7w,2,3.254,30.0
goochM9aB7w,3,88.095,30.0
goochM9aB7w,4,65.780,30.0
gwqmjTl3_kA,0,15.150,30.0
gwqmjTl3_kA,1,147.155,30.0
gwqmjTl3_kA,2,26.376,30.0
gwqmjTl3_kA,3,84.975,30.0
gwqmjTl3_kA,4,25.564,30.0
h3ODLHmNF8o,0,44.687,30.0
h3ODLHmNF8o,1,14.809,30.0
h3ODLHmNF8o,2,160.243,30.0
h3ODLHmNF8o,3,147.023,30.0
h3ODLHmNF8o,4,126.980,30.0
hKbN6vDkhmY,0,77.600,30.0
hKbN6vDkhmY,1,132.329,30.0
hKbN6vDkhmY,2,161.207,30.0
hKbN6vDkhmY,3,194.790,30.0
hKbN6vDkhmY,4,41.473,30.0
hNEqPwtMBCk,0,61.619,30.0
hNEqPwtMBCk,1,98.340,30.0
hNEqPwtMBCk,2,158.886,30.0
hNEqPwtMBCk,3,51.869,30.0
hNEqPwtMBCk,4,75.713,30.0
hbokRw0LNnA,0,198.274,30.0
hbokRw0LNnA,1,72.940,30.0
hbokRw0LNnA,2,225.443,30.0
hbokRw0LNnA,3,97.532,30.0
hbokRw0LNnA,4,199.071,30.0
i30GvL-21Js,0,121.727,30.0
i30GvL-21Js,1,297.892,30.0
i30GvL-21Js,2,547.484,30.0
i30GvL-21Js,3,538.353,30.0
i30GvL-21Js,4,56.873,30.0
iFQRLKxvhR0,0,46.133,30.0
iFQRLKxvhR0,1,116.688,30.0
iFQRLKxvhR0,2,103.607,30.0
iFQRLKxvhR0,3,87.529,30.0
iFQRLKxvhR0,4,61.543,30.0
iITQTizcYAI,0,49.905,30.0
iITQTizcYAI,1,119.524,30.0
iITQTizcYAI,2,2.262,30.0
iITQTizcYAI,3,0.462,30.0
iITQTizcYAI,4,151.902,30.0
iabxGX7zg5A,0,49.923,30.0
iabxGX7zg5A,1,184.423,30.0
iabxGX7zg5A,2,144.313,30.0
iabxGX7zg5A,3,93.182,30.0
iabxGX7zg5A,4,96.382,30.0
ice7he6pkC0,0,92.910,30.0
ice7he6pkC0,1,32.716,30.0
ice7he6pkC0,2,4.222,30.0
ice7he6pkC0,3,74.033,30.0
ice7he6pkC0,4,277.328,30.0
j0DQr3N9xUk,0,6.317,30.0
j0DQr3N9xUk,1,111.246,30.0
j0DQr3N9xUk,2,17.714,30.0
j0DQr3N9xUk,3,76.050,30.0
j0DQr3N9xUk,4,99.068,30.0
j5OuGZfsnt0,0,50.705,30.0
j5OuGZfsnt0,1,57.294,30.0
j5OuGZfsnt0,2,14.247,30.0
j5OuGZfsnt0,3,9.876,30.0
j5OuGZfsnt0,4,62.210,30.0
jEuRjwldOo0,0,166.308,30.0
jEuRjwldOo0,1,94.337,30.0
jEuRjwldOo0,2,68.709,30.0
jEuRjwldOo0,3,111.830,30.0
jEuRjwldOo0,4,69.026,30.0
jKupLqDWwVE,0,184.293,30.0
jKupLqDWwVE,1,115.915,30.0
jKupLqDWwVE,2,167.901,30.0
jKupLqDWwVE,3,145.326,30.0
jKupLqDWwVE,4,49.355,30.0
jQuqFMHpLUE,0,3.838,30.0
jQuqFMHpLUE,1,26.226,30.0
jQuqFMHpLUE,2,16.181,30.0
jQuqFMHpLUE,3,181.180,30.0
jQuqFMHpLUE,4,169.171,30.0
jXxr8pywAyg,0,248.824,30.0
jXxr8pywAyg,1,216.403,30.0
jXxr8pywAyg,2,105.626,30.0
jXxr8pywAyg,3,136.829,30.0
jXxr8pywAyg,4,235.175,30.0
jaBlNqWyVW8,0,145.739,30.0
jaBlNqWyVW8,1,75.806,30.0
jaBlNqWyVW8,2,55.335,30.0
jaBlNqWyVW8,3,122.696,30.0
jaBlNqWyVW8,4,142.511,30.0
jdUYIoqN4Zg,0,175.804,30.0
jdUYIoqN4Zg,1,54.382,30.0
jdUYIoqN4Zg,2,193.271,30.0
jdUYIoqN4Zg,3,42.113,30.0
jdUYIoqN4Zg,4,122.277,30.0
je53yi8LeHA,0,48.629,30.0
je53yi8LeHA,1,220.498,30.0
je53yi8LeHA,2,98.850,30.0
je53yi8LeHA,3,25.946,30.0
je53yi8LeHA,4,229.798,30.0
jqa7LMWL-eA,0,105.473,30.0
jqa7LMWL-eA,1,215.235,30.0
jqa7LMWL-eA,2,204.832,30.0
jqa7LMWL-eA,3,203.648,30.0
jqa7LMWL-eA,4,15.077,30.0
k8wH6Zzl0Jo,0,142.860,30.0
k8wH6Zzl0Jo,1,127.489,30.0
k8wH6Zzl0Jo,2,145.160,30.0
k8wH6Zzl0Jo,3,72.212,30.0
k8wH6Zzl0Jo,4,3.082,30.0
kFuIyjIXBZU,0,174.794,30.0
kFuIyjIXBZU,1,16.741,30.0
kFuIyjIXBZU,2,42.847,30.0
kFuIyjIXBZU,3,11.415,30.0
kFuIyjIXBZU,4,198.106,30.0
kLM3DQfvaZs,0,131.734,30.0
kLM3DQfvaZs,1,92.416,30.0
kLM3DQfvaZs,2,42.014,30.0
kLM3DQfvaZs,3,77.746,30.0
kLM3DQfvaZs,4,146.854,30.0
kSEQAx-1ucg,0,141.410,30.0
kSEQAx-1ucg,1,26.889,30.0
kSEQAx-1ucg,2,68.336,30.0
kSEQAx-1ucg,3,205.032,30.0
kSEQAx-1ucg,4,93.377,30.0
kUvjjpubHVc,0,83.661,30.0
kUvjjpubHVc,1,58.440,30.0
kUvjjpubHVc,2,143.864,30.0
kUvjjpubHVc,3,185.284,30.0
kUvjjpubHVc,4,246.838,30.0
kkGrC94K8gc,0,153.592,30.0
kkGrC94K8gc,1,26.467,30.0
kkGrC94K8gc,2,164.189,30.0
kkGrC94K8gc,3,56.667,30.0
kkGrC94K8gc,4,72.366,30.0
kmK9S1d1geM,0,112.292,30.0
kmK9S1d1geM,1,128.997,30.0
kmK9S1d1geM,2,137.535,30.0
kmK9S1d1geM,3,18.755,30.0
kmK9S1d1geM,4,17.394,30.0
kuHqDdc8vfk,0,137.488,30.0
kuHqDdc8vfk,1,142.210,30.0
kuHqDdc8vfk,2,130.915,30.0
kuHqDdc8vfk,3,102.371,30.0
kuHqDdc8vfk,4,137.953,30.0
l4RSUW4pNPU,0,26.207,30.0
l4RSUW4pNPU,1,33.337,30.0
l4RSUW4pNPU,2,166.752,30.0
l4RSUW4pNPU,3,161.386,30.0
l4RSUW4pNPU,4,57.004,30.0
lT-RcxhoNL0,0,122.230,30.0
lT-RcxhoNL0,1,8.843,30.0
lT-RcxhoNL0,2,107.179,30.0
lT-RcxhoNL0,3,72.617,30.0
lT-RcxhoNL0,4,23.093,30.0
lWmvRyDNukg,0,2.670,30.0
lWmvRyDNukg,1,113.475,30.0
lWmvRyDNukg,2,155.223,30.0
lWmvRyDNukg,3,157.727,30.0
lWmvRyDNukg,4,38.334,30.0
lnDP8ze6Oas,0,62.627,30.0
lnDP8ze6Oas,1,151.212,30.0
lnDP8ze6Oas,2,128.665,30.0
lnDP8ze6Oas,3,111.679,30.0
lnDP8ze6Oas,4,85.923,30.0
loaXNSCSdNc,0,50.263,30.0
loaXNSCSdNc,1,95.904,30.0
loaXNSCSdNc,2,72.904,30.0
loaXNSCSdNc,3,129.715,30.0
loaXNSCSdNc,4,72.180,30.0
lr9z2m-WNKk,0,93.671,30.0
lr9z2m-WNKk,1,133.846,30.0
lr9z2m-WNKk,2,135.502,30.0
lr9z2m-WNKk,3,39.948,30.0
lr9z2m-WNKk,4,88.507,30.0
lsWWIGTwZoU,0,112.742,30.0
lsWWIGTwZoU,1,22.761,30.0
lsWWIGTwZoU,2,117.211,30.0
lsWWIGTwZoU,3,198.631,30.0
lsWWIGTwZoU,4,89.456,30.0
mMzKPj0BqTg,0,64.183,30.0
mMzKPj0BqTg,1,16.678,30.0
mMzKPj0BqTg,2,51.245,30.0
mMzKPj0BqTg,3,107.360,30.0
mMzKPj0BqTg,4,124.102,30.0
mXcLDcONV6E,0,121.628,30.0
mXcLDcONV6E,1,98.588,30.0
mXcLDcONV6E,2,20.981,30.0
mXcLDcONV6E,3,63.985,30.0
mXcLDcONV6E,4,51.354,30.0
mahkhYHpW0s,0,98.268,30.0
mahkhYHpW0s,1,176.105,30.0
mahkhYHpW0s,2,89.055,30.0
mahkhYHpW0s,3,182.505,30.0
mahkhYHpW0s,4,162.463,30.0
mvu_2-UnTKc,0,149.509,30.0
mvu_2-UnTKc,1,153.438,30.0
mvu_2-UnTKc,2,207.234,30.0
mvu_2-UnTKc,3,126.098,30.0
mvu_2-UnTKc,4,62.541,30.0
n2C3XNAHmPc,0,52.723,30.0
n2C3XNAHmPc,1,8.714,30.0
n2C3XNAHmPc,2,8.799,30.0
n2C3XNAHmPc,3,144.833,30.0
n2C3XNAHmPc,4,69.640,30.0
n7ryN6meVq0,0,167.742,30.0
n7ryN6meVq0,1,134.319,30.0
n7ryN6meVq0,2,14.627,30.0
n7ryN6meVq0,3,158.117,30.0
n7ryN6meVq0,4,172.027,30.0
nRDLbls0Qkw,0,96.229,30.0
nRDLbls0Qkw,1,121.313,30.0
nRDLbls0Qkw,2,12.548,30.0
nRDLbls0Qkw,3,22.004,30.0
nRDLbls0Qkw,4,114.261,30.0
nSJJAWyznbY,0,129.330,30.0
nSJJAWyznbY,1,96.535,30.0
nSJJAWyznbY,2,25.224,30.0
nSJJAWyznbY,3,162.833,30.0
nSJJAWyznbY,4,1.468,30.0
n_5tGUKe_UY,0,103.080,30.0
n_5tGUKe_UY,1,153.758,30.0
n_5tGUKe_UY,2,216.056,30.0
n_5tGUKe_UY,3,45.382,30.0
n_5tGUKe_UY,4,242.086,30.0
nhWVDFOCvho,0,102.395,30.0
nhWVDFOCvho,1,36.441,30.0
nhWVDFOCvho,2,244.088,30.0
nhWVDFOCvho,3,28.160,30.0
nhWVDFOCvho,4,155.644,30.0
oMne-2NgsW0,0,239.884,30.0
oMne-2NgsW0,1,75.864,30.0
oMne-2NgsW0,2,160.887,30.0
oMne-2NgsW0,3,198.648,30.0
oMne-2NgsW0,4,168.106,30.0
oQx2Au9ZF8w,0,108.701,30.0
oQx2Au9ZF8w,1,62.218,30.0
oQx2Au9ZF8w,2,71.590,30.0
oQx2Au9ZF8w,3,55.844,30.0
oQx2Au9ZF8w,4,119.687,30.0
ofVTQPll3jo,0,105.195,30.0
ofVTQPll3jo,1,87.331,30.0
ofVTQPll3jo,2,148.687,30.0
ofVTQPll3jo,3,88.645,30.0
ofVTQPll3jo,4,7.731,30.0
onAh4b0XMO4,0,130.631,30.0
onAh4b0XMO4,1,210.911,30.0
onAh4b0XMO4,2,198.639,30.0
onAh4b0XMO4,3,5.643,30.0
onAh4b0XMO4,4,202.501,30.0
onZh3-7QAx0,0,74.079,30.0
onZh3-7QAx0,1,84.899,30.0
onZh3-7QAx0,2,28.781,30.0
onZh3-7QAx0,3,95.928,30.0
onZh3-7QAx0,4,162.765,30.0
p5D5_-9Hv_g,0,26.224,30.0
p5D5_-9Hv_g,1,23.245,30.0
p5D5_-9Hv_g,2,121.250,30.0
p5D5_-9Hv_g,3,68.653,30.0
p5D5_-9Hv_g,4,70.366,30.0
pErWFmY0VVs,0,133.330,30.0
pErWFmY0VVs,1,207.592,30.0
pErWFmY0VVs,2,246.314,30.0
pErWFmY0VVs,3,179.534,30.0
pErWFmY0VVs,4,146.491,30.0
pF-_y0aK0wk,0,68.008,30.0
pF-_y0aK0wk,1,117.468,30.0
pF-_y0aK0wk,2,72.743,30.0
pF-_y0aK0wk,3,91.795,30.0
pF-_y0aK0wk,4,16.053,30.0
pO52ZptusIU,0,128.532,30.0
pO52ZptusIU,1,127.694,30.0
pO52ZptusIU,2,207.370,30.0
pO52ZptusIU,3,175.276,30.0
pO52ZptusIU,4,54.483,30.0
pTJzkT0kGtU,0,6.920,30.0
pTJzkT0kGtU,1,97.859,30.0
pTJzkT0kGtU,2,34.467,30.0
pTJzkT0kGtU,3,125.530,30.0
pTJzkT0kGtU,4,20.746,30.0
pTtMoMbJ-SY,0,96.051,30.0
pTtMoMbJ-SY,1,29.402,30.0
pTtMoMbJ-SY,2,138.044,30.0
pTtMoMbJ-SY,3,25.864,30.0
pTtMoMbJ-SY,4,5.255,30.0
pXMjx2AOrAo,0,171.910,30.0
pXMjx2AOrAo,1,94.057,30.0
pXMjx2AOrAo,2,19.458,30.0
pXMjx2AOrAo,3,56.105,30.0
pXMjx2AOrAo,4,4.887,30.0
pqpgQnwI1e8,0,196.671,30.0
pqpgQnwI1e8,1,68.549,30.0
pqpgQnwI1e8,2,0.109,30.0
pqpgQnwI1e8,3,49.240,30.0
pqpgQnwI1e8,4,217.270,30.0
pwdzH9Y5LWI,0,194.048,30.0
pwdzH9Y5LWI,1,223.607,30.0
pwdzH9Y5LWI,2,154.290,30.0
pwdzH9Y5LWI,3,76.751,30.0
pwdzH9Y5LWI,4,8.254,30.0
pxc-74HoU7k,0,74.149,30.0
pxc-74HoU7k,1,102.432,30.0
pxc-74HoU7k,2,23.459,30.0
pxc-74HoU7k,3,127.662,30.0
pxc-74HoU7k,4,142.129,30.0
qKAFjwVwwkc,0,78.892,30.0
qKAFjwVwwkc,1,76.262,30.0
qKAFjwVwwkc,2,33.239,30.0
qKAFjwVwwkc,3,31.558,30.0
qKAFjwVwwkc,4,116.616,30.0
qMDqCgfnJvw,0,27.823,30.0
qMDqCgfnJvw,1,164.347,30.0
qMDqCgfnJvw,2,181.995,30.0
qMDqCgfnJvw,3,127.293,30.0
qMDqCgfnJvw,4,43.349,30.0
qNdTLxVdPD4,0,85.525,30.0
qNdTLxVdPD4,1,112.718,30.0
qNdTLxVdPD4,2,134.293,30.0
qNdTLxVdPD4,3,27.307,30.0
qNdTLxVdPD4,4,109.213,30.0
qWVBcVq6vT0,0,57.077,30.0
qWVBcVq6vT0,1,104.917,30.0
qWVBcVq6vT0,2,298.899,30.0
qWVBcVq6vT0,3,228.710,30.0
qWVBcVq6vT0,4,139.955,30.0
qi8plO42onE,0,127.816,30.0
qi8plO42onE,1,35.116,30.0
qi8plO42onE,2,59.563,30.0
qi8plO42onE,3,21.763,30.0
qi8plO42onE,4,78.972,30.0
qiA0x0JzgdA,0,57.037,30.0
qiA0x0JzgdA,1,16.961,30.0
qiA0x0JzgdA,2,76.957,30.0
qiA0x0JzgdA,3,38.115,30.0
qiA0x0JzgdA,4,62.775,30.0
qvx94_udMr8,0,97.254,30.0
qvx94_udMr8,1,32.713,30.0
qvx94_udMr8,2,58.697,30.0
qvx94_udMr8,3,80.734,30.0
qvx94_udMr8,4,3.101,30.0
r1M9eVZ-eJ0,0,7.473,30.0
r1M9eVZ-eJ0,1,9.270,30.0
r1M9eVZ-eJ0,2,88.835,30.0
r1M9eVZ-eJ0,3,137.958,30.0
r1M9eVZ-eJ0,4,86.954,30.0
rAJmhtHoPoI,0,93.294,30.0
rAJmhtHoPoI,1,3.225,30.0
rAJmhtHoPoI,2,90.939,30.0
rAJmhtHoPoI,3,58.174,30.0
rAJmhtHoPoI,4,64.730,30.0
rSuVXfI6qow,0,11.630,30.0
rSuVXfI6qow,1,108.269,30.0
rSuVXfI6qow,2,22.667,30.0
rSuVXfI6qow,3,175.340,30.0
rSuVXfI6qow,4,60.483,30.0
rVL8hoR_Jlo,0,141.448,30.0
rVL8hoR_Jlo,1,53.432,30.0
rVL8hoR_Jlo,2,130.694,30.0
rVL8hoR_Jlo,3,46.932,30.0
rVL8hoR_Jlo,4,187.048,30.0
rXGmRHSuNJQ,0,75.683,30.0
rXGmRHSuNJQ,1,7.520,30.0
rXGmRHSuNJQ,2,14.400,30.0
rXGmRHSuNJQ,3,137.920,30.0
rXGmRHSuNJQ,4,92.136,30.0
ra8R8E_VQuk,0,137.713,30.0
ra8R8E_VQuk,1,160.303,30.0
ra8R8E_VQuk,2,27.685,30.0
ra8R8E_VQuk,3,92.924,30.0
ra8R8E_VQuk,4,151.649,30.0
rkjqowJ5zJk,0,67.720,30.0
rkjqowJ5zJk,1,60.792,30.0
rkjqowJ5zJk,2,30.755,30.0
rkjqowJ5zJk,3,9.645,30.0
rkjqowJ5zJk,4,5.843,30.0
rqvzsUbFyfo,0,207.536,30.0
rqvzsUbFyfo,1,51.097,30.0
rqvzsUbFyfo,2,155.629,30.0
rqvzsUbFyfo,3,150.189,30.0
rqvzsUbFyfo,4,116.854,30.0
s79xbbVinaw,0,91.202,30.0
s79xbbVinaw,1,96.134,30.0
s79xbbVinaw,2,19.903,30.0
s79xbbVinaw,3,73.966,30.0
s79xbbVinaw,4,138.701,30.0
sDLif2WrbHE,0,145.633,30.0
sDLif2WrbHE,1,45.780,30.0
sDLif2WrbHE,2,85.181,30.0
sDLif2WrbHE,3,162.057,30.0
sDLif2WrbHE,4,82.337,30.0
sIqOlYO1d6A,0,50.267,30.0
sIqOlYO1d6A,1,166.334,30.0
sIqOlYO1d6A,2,69.894,30.0
sIqOlYO1d6A,3,26.268,30.0
sIqOlYO1d6A,4,10.856,30.0
sJjTK7Q-Abc,0,124.533,30.0
sJjTK7Q-Abc,1,21.874,30.0
sJjTK7Q-Abc,2,221.248,30.0
sJjTK7Q-Abc,3,252.155,30.0
sJjTK7Q-Abc,4,167.779,30.0
salA57uYcxY,0,22.026,30.0
salA57uYcxY,1,52.801,30.0
salA57uYcxY,2,154.619,30.0
salA57uYcxY,3,5.422,30.0
salA57uYcxY,4,129.637,30.0
sfXO14l1RSs,0,32.612,30.0
sfXO14l1RSs,1,53.713,30.0
sfXO14l1RSs,2,142.862,30.0
sfXO14l1RSs,3,72.630,30.0
sfXO14l1RSs,4,191.741,30.0
sjIHfay6MIU,0,145.472,30.0
sjIHfay6MIU,1,129.885,30.0
sjIHfay6MIU,2,53.372,30.0
sjIHfay6MIU,3,121.994,30.0
sjIHfay6MIU,4,29.356,30.0
stV_7ndtgIw,0,90.687,30.0
stV_7ndtgIw,1,248.823,30.0
stV_7ndtgIw,2,31.358,30.0
stV_7ndtgIw,3,59.467,30.0
stV_7ndtgIw,4,133.058,30.0
sz-JbTfbAkI,0,119.444,30.0
sz-JbTfbAkI,1,16.449,30.0
sz-JbTfbAkI,2,35.031,30.0
sz-JbTfbAkI,3,178.282,30.0
sz-JbTfbAkI,4,81.849,30.0
t6xBpXRAzTM,0,53.744,30.0
t6xBpXRAzTM,1,23.834,30.0
t6xBpXRAzTM,2,28.467,30.0
t6xBpXRAzTM,3,42.027,30.0
t6xBpXRAzTM,4,65.830,30.0
tIu568Pb1pA,0,0.660,30.0
tIu568Pb1pA,1,44.647,30.0
tIu568Pb1pA,2,124.597,30.0
tIu568Pb1pA,3,67.885,30.0
tIu568Pb1pA,4,104.137,30.0
tKRpO8LI8aM,0,59.800,30.0
tKRpO8LI8aM,1,139.025,30.0
tKRpO8LI8aM,2,129.051,30.0
tKRpO8LI8aM,3,164.819,30.0
tKRpO8LI8aM,4,119.235,30.0
tPdwdSjTqdM,0,169.687,30.0
tPdwdSjTqdM,1,38.615,30.0
tPdwdSjTqdM,2,41.669,30.0
tPdwdSjTqdM,3,145.213,30.0
tPdwdSjTqdM,4,76.200,30.0
tYgVXJ4LzYk,0,76.719,30.0
tYgVXJ4LzYk,1,105.090,30.0
tYgVXJ4LzYk,2,16.539,30.0
tYgVXJ4LzYk,3,16.132,30.0
tYgVXJ4LzYk,4,210.055,30.0
uRnRRRPBH4M,0,84.532,30.0
uRnRRRPBH4M,1,13.313,30.0
uRnRRRPBH4M,2,39.766,30.0
uRnRRRPBH4M,3,160.744,30.0
uRnRRRPBH4M,4,20.619,30.0
uU-B7eVYTO8,0,42.885,30.0
uU-B7eVYTO8,1,1.585,30.0
uU-B7eVYTO8,2,30.083,30.0
uU-B7eVYTO8,3,17.995,30.0
uU-B7eVYTO8,4,126.941,30.0
urwJwVe_ETI,0,156.671,30.0
urwJwVe_ETI,1,86.349,30.0
urwJwVe_ETI,2,51.375,30.0
urwJwVe_ETI,3,64.002,30.0
urwJwVe_ETI,4,146.300,30.0
v1aw9c-ack8,0,136.587,30.0
v1aw9c-ack8,1,11.926,30.0
v1aw9c-ack8,2,57.881,30.0
v1aw9c-ack8,3,12.362,30.0
v1aw9c-ack8,4,128.918,30.0
v7clW_6aT9g,0,25.115,30.0
v7clW_6aT9g,1,155.691,30.0
v7clW_6aT9g,2,99.444,30.0
v7clW_6aT9g,3,44.996,30.0
v7clW_6aT9g,4,52.527,30.0
vQJolzPxgTo,0,105.177,30.0
vQJolzPxgTo,1,35.308,30.0
vQJolzPxgTo,2,144.086,30.0
vQJolzPxgTo,3,74.398,30.0
vQJolzPxgTo,4,60.096,30.0
vh6cGW9xsvM,0,139.153,30.0
vh6cGW9xsvM,1,169.822,30.0
vh6cGW9xsvM,2,180.157,30.0
vh6cGW9xsvM,3,121.228,30.0
vh6cGW9xsvM,4,166.798,30.0
viMQqfhdtRA,0,39.387,30.0
viMQqfhdtRA,1,36.815,30.0
viMQqfhdtRA,2,120.185,30.0
viMQqfhdtRA,3,36.535,30.0
viMQqfhdtRA,4,34.663,30.0
vrH9leuIAYE,0,84.877,30.0
vrH9leuIAYE,1,88.061,30.0
vrH9leuIAYE,2,47.328,30.0
vrH9leuIAYE,3,75.306,30.0
vrH9leuIAYE,4,44.264,30.0
wElnUs0ronY,0,14.500,30.0
wElnUs0ronY,1,159.201,30.0
wElnUs0ronY,2,86.743,30.0
wElnUs0ronY,3,45.532,30.0
wElnUs0ronY,4,137.702,30.0
wWZr_Qya7rU,0,52.329,30.0
wWZr_Qya7rU,1,145.116,30.0
wWZr_Qya7rU,2,87.015,30.0
wWZr_Qya7rU,3,36.069,30.0
wWZr_Qya7rU,4,143.536,30.0
wsSZNvaQ4hE,0,60.809,30.0
wsSZNvaQ4hE,1,30.267,30.0
wsSZNvaQ4hE,2,73.038,30.0
wsSZNvaQ4hE,3,32.823,30.0
wsSZNvaQ4hE,4,42.563,30.0
x2qVsBDTKEU,0,182.006,30.0
x2qVsBDTKEU,1,122.467,30.0
x2qVsBDTKEU,2,178.514,30.0
x2qVsBDTKEU,3,159.984,30.0
x2qVsBDTKEU,4,20.927,30.0
x70UbpUo4u4,0,40.301,30.0
x70UbpUo4u4,1,93.460,30.0
x70UbpUo4u4,2,151.800,30.0
x70UbpUo4u4,3,22.727,30.0
x70UbpUo4u4,4,140.057,30.0
x9aKalTFqdc,0,15.942,30.0
x9aKalTFqdc,1,185.466,30.0
x9aKalTFqdc,2,92.099,30.0
x9aKalTFqdc,3,99.880,30.0
x9aKalTFqdc,4,89.748,30.0
xSEBZLaH4Y4,0,35.153,30.0
xSEBZLaH4Y4,1,186.847,30.0
xSEBZLaH4Y4,2,77.903,30.0
xSEBZLaH4Y4,3,125.607,30.0
xSEBZLaH4Y4,4,134.122,30.0
xZY4bLjP1Gg,0,185.316,30.0
xZY4bLjP1Gg,1,191.936,30.0
xZY4bLjP1Gg,2,30.151,30.0
xZY4bLjP1Gg,3,27.327,30.0
xZY4bLjP1Gg,4,114.736,30.0
xfS9J8C0Q4Y,0,31.975,30.0
xfS9J8C0Q4Y,1,47.964,30.0
xfS9J8C0Q4Y,2,86.122,30.0
xfS9J8C0Q4Y,3,90.730,30.0
xfS9J8C0Q4Y,4,72.963,30.0
xiQJ8veqywY,0,135.137,30.0
xiQJ8veqywY,1,28.483,30.0
xiQJ8veqywY,2,198.865,30.0
xiQJ8veqywY,3,129.103,30.0
xiQJ8veqywY,4,6.311,30.0
xyegmbY1WEI,0,168.972,30.0
xyegmbY1WEI,1,176.722,30.0
xyegmbY1WEI,2,121.837,30.0
xyegmbY1WEI,3,78.397,30.0
xyegmbY1WEI,4,119.643,30.0
y4QOkL9uDT4,0,56.850,30.0
y4QOkL9uDT4,1,38.308,30.0
y4QOkL9uDT4,2,133.215,30.0
y4QOkL9uDT4,3,145.407,30.0
y4QOkL9uDT4,4,75.685,30.0
yEZikk2dHk0,0,93.533,30.0
yEZikk2dHk0,1,58.964,30.0
yEZikk2dHk0,2,67.654,30.0
yEZikk2dHk0,3,63.595,30.0
yEZikk2dHk0,4,111.451,30.0
yFDx1TECqo8,0,129.973,30.0
yFDx1TECqo8,1,16.332,30.0
yFDx1TECqo8,2,151.743,30.0
yFDx1TECqo8,3,44.480,30.0
yFDx1TECqo8,4,86.676,30.0
yKh-Pzwp9mA,0,79.684,30.0
yKh-Pzwp9mA,1,86.316,30.0
yKh-Pzwp9mA,2,175.773,30.0
yKh-Pzwp9mA,3,39.706,30.0
yKh-Pzwp9mA,4,106.609,30.0
yMZ4Xo-p--g,0,72.664,30.0
yMZ4Xo-p--g,1,45.324,30.0
yMZ4Xo-p--g,2,8.660,30.0
yMZ4Xo-p--g,3,128.613,30.0
yMZ4Xo-p--g,4,0.441,30.0
yOi1daBHpTM,0,144.870,30.0
yOi1daBHpTM,1,278.770,30.0
yOi1daBHpTM,2,138.787,30.0
yOi1daBHpTM,3,225.563,30.0
yOi1daBHpTM,4,84.096,30.0
yQn11gqM7_I,0,80.252,30.0
yQn11gqM7_I,1,142.853,30.0
yQn11gqM7_I,2,61.315,30.0
yQn11gqM7_I,3,129.224,30.0
yQn11gqM7_I,4,78.785,30.0
ygUeF8HhtFk,0,122.693,30.0
ygUeF8HhtFk,1,25.287,30.0
ygUeF8HhtFk,2,32.928,30.0
ygUeF8HhtFk,3,22.668,30.0
ygUeF8HhtFk,4,24.643,30.0
yiNxh_JUeJ8,0,380.485,30.0
yiNxh_JUeJ8,1,81.503,30.0
yiNxh_JUeJ8,2,6.080,30.0
yiNxh_JUeJ8,3,41.435,30.0
yiNxh_JUeJ8,4,227.414,30.0
yqoQeOtskas,0,9.028,30.0
yqoQeOtskas,1,0.675,30.0
yqoQeOtskas,2,50.455,30.0
yqoQeOtskas,3,71.421,30.0
yqoQeOtskas,4,55.554,30.0
yzPFJ2e6XnM,0,60.399,30.0
yzPFJ2e6XnM,1,90.065,30.0
yzPFJ2e6XnM,2,139.344,30.0
yzPFJ2e6XnM,3,170.728,30.0
yzPFJ2e6XnM,4,60.516,30.0
z0zABu3B2TM,0,69.593,30.0
z0zABu3B2TM,1,6.664,30.0
z0zABu3B2TM,2,140.994,30.0
z0zABu3B2TM,3,185.682,30.0
z0zABu3B2TM,4,84.896,30.0
z6ixKo7nUOA,0,24.005,30.0
z6ixKo7nUOA,1,27.721,30.0
z6ixKo7nUOA,2,21.282,30.0
z6ixKo7nUOA,3,12.655,30.0
z6ixKo7nUOA,4,27.571,30.0
zAOSDUlHKgE,0,37.165,30.0
zAOSDUlHKgE,1,145.482,30.0
zAOSDUlHKgE,2,160.981,30.0
zAOSDUlHKgE,3,99.563,30.0
zAOSDUlHKgE,4,199.438,30.0
zX7jcYJrmHk,0,250.755,30.0
zX7jcYJrmHk,1,188.353,30.0
zX7jcYJrmHk,2,90.093,30.0
zX7jcYJrmHk,3,183.466,30.0
zX7jcYJrmHk,4,239.474,30.0
zcOlyStaZdM,0,23.749,30.0
zcOlyStaZdM,1,129.248,30.0
zcOlyStaZdM,2,61.376,30.0
zcOlyStaZdM,3,56.969,30.0
zcOlyStaZdM,4,82.422,30.0
zf-KVaOvPTM,0,27.392,30.0
zf-KVaOvPTM,1,72.422,30.0
zf-KVaOvPTM,2,47.614,30.0
zf-KVaOvPTM,3,16.704,30.0
zf-KVaOvPTM,4,2.986,30.0
zleHmDMI9ZU,0,56.066,30.0
zleHmDMI9ZU,1,169.693,30.0
zleHmDMI9ZU,2,190.344,30.0
zleHmDMI9ZU,3,113.044,30.0
zleHmDMI9ZU,4,61.788,30.0
zne6gHN2YH4,0,39.035,30.0
zne6gHN2YH4,1,175.469,30.0
zne6gHN2YH4,2,199.927,30.0
zne6gHN2YH4,3,2.248,30.0
zne6gHN2YH4,4,5.106,30.0
zrHbT6A4sEM,0,20.468,30.0
zrHbT6A4sEM,1,29.984,30.0
zrHbT6A4sEM,2,184.867,30.0
zrHbT6A4sEM,3,144.760,30.0
zrHbT6A4sEM,4,98.183,30.0
zwQaPdSbY_4,0,73.699,30.0
zwQaPdSbY_4,1,38.840,30.0
zwQaPdSbY_4,2,57.778,30.0
zwQaPdSbY_4,3,62.448,30.0
zwQaPdSbY_4,4,96.392,30.0
zzVltq86hJE,0,131.274,30.0
zzVltq86hJE,1,12.007,30.0
zzVltq86hJE,2,148.344,30.0
zzVltq86hJE,3,40.941,30.0
zzVltq86hJE,4,42.361,30.0
